"panels";"annual_balance_kWh";"required_usable_battery_kWh";"batteries";"nominal_battery_capacity_kWh";"usable_battery_capacity_kWh";"objective_equal_count"
"582";"76.976641";"27445.808269";"16337";"39208.8";"27446.16";"16919"
"583";"358.676962";"27303.998403";"16253";"39007.2";"27305.04";"16836"
"584";"640.377283";"27162.188538";"16168";"38803.2";"27162.24";"16752"
"585";"922.077603";"27020.378672";"16084";"38601.6";"27021.12";"16669"
"586";"1203.777924";"26878.568807";"16000";"38400";"26880";"16586"
"587";"1485.478245";"26736.758941";"15915";"38196";"26737.2";"16502"
"588";"1767.178566";"26594.949076";"15831";"37994.4";"26596.08";"16419"
"589";"2048.878886";"26453.13921";"15746";"37790.4";"26453.28";"16335"
"590";"2330.579207";"26311.329345";"15662";"37588.8";"26312.16";"16252"
"591";"2612.279528";"26169.519479";"15578";"37387.2";"26171.04";"16169"
"592";"2893.979848";"26027.709614";"15493";"37183.2";"26028.24";"16085"
"593";"3175.680169";"25885.899748";"15409";"36981.6";"25887.12";"16002"
"594";"3457.38049";"25744.089883";"15324";"36777.6";"25744.32";"15918"
"595";"3739.08081";"25602.280017";"15240";"36576";"25603.2";"15835"
"596";"4020.781131";"25460.470152";"15156";"36374.4";"25462.08";"15752"
"597";"4302.481452";"25318.660286";"15071";"36170.4";"25319.28";"15668"
"598";"4584.181772";"25176.850421";"14987";"35968.8";"25178.16";"15585"
"599";"4865.882093";"25035.040555";"14902";"35764.8";"25035.36";"15501"
"600";"5147.582414";"24893.23069";"14818";"35563.2";"24894.24";"15418"
"601";"5429.282734";"24751.420824";"14733";"35359.2";"24751.44";"15334"
"602";"5710.983055";"24609.610959";"14649";"35157.6";"24610.32";"15251"
"603";"5992.683376";"24467.801093";"14565";"34956";"24469.2";"15168"
"604";"6274.383697";"24325.991228";"14480";"34752";"24326.4";"15084"
"605";"6556.084017";"24184.181362";"14396";"34550.4";"24185.28";"15001"
"606";"6837.784338";"24042.371497";"14311";"34346.4";"24042.48";"14917"
"607";"7119.484659";"23900.561631";"14227";"34144.8";"23901.36";"14834"
"608";"7401.184979";"23758.751766";"14143";"33943.2";"23760.24";"14751"
"609";"7682.8853";"23616.9419";"14058";"33739.2";"23617.44";"14667"
"610";"7964.585621";"23475.132034";"13974";"33537.6";"23476.32";"14584"
"611";"8246.285941";"23333.322169";"13889";"33333.6";"23333.52";"14500"
"612";"8527.986262";"23191.512303";"13805";"33132";"23192.4";"14417"
"613";"8809.686583";"23049.702438";"13721";"32930.4";"23051.28";"14334"
"614";"9091.386903";"22907.892572";"13636";"32726.4";"22908.48";"14250"
"615";"9373.087224";"22766.082707";"13552";"32524.8";"22767.36";"14167"
"616";"9654.787545";"22624.272841";"13467";"32320.8";"22624.56";"14083"
"617";"9936.487866";"22482.462976";"13383";"32119.2";"22483.44";"14000"
"618";"10218.188186";"22340.65311";"13299";"31917.6";"22342.32";"13917"
"619";"10499.888507";"22198.843245";"13214";"31713.6";"22199.52";"13833"
"620";"10781.588828";"22057.033379";"13130";"31512";"22058.4";"13750"
"621";"11063.289148";"21915.223514";"13045";"31308";"21915.6";"13666"
"622";"11344.989469";"21773.413648";"12961";"31106.4";"21774.48";"13583"
"623";"11626.68979";"21631.603783";"12876";"30902.4";"21631.68";"13499"
"624";"11908.39011";"21489.815834";"12792";"30700.8";"21490.56";"13416"
"625";"12190.090431";"21348.050603";"12708";"30499.2";"21349.44";"13333"
"626";"12471.790752";"21206.285372";"12623";"30295.2";"21206.64";"13249"
"627";"12753.491072";"21064.520141";"12539";"30093.6";"21065.52";"13166"
"628";"13035.191393";"20922.75491";"12455";"29892";"20924.4";"13083"
"629";"13316.891714";"20780.989679";"12370";"29688";"20781.6";"12999"
"630";"13598.592034";"20639.224448";"12286";"29486.4";"20640.48";"12916"
"631";"13880.292355";"20497.459217";"12201";"29282.4";"20497.68";"12832"
"632";"14161.992676";"20355.693986";"12117";"29080.8";"20356.56";"12749"
"633";"14443.692997";"20213.928755";"12033";"28879.2";"20215.44";"12666"
"634";"14725.393317";"20072.163524";"11948";"28675.2";"20072.64";"12582"
"635";"15007.093638";"19930.398293";"11864";"28473.6";"19931.52";"12499"
"636";"15288.793959";"19788.633062";"11779";"28269.6";"19788.72";"12415"
"637";"15570.494279";"19646.867831";"11695";"28068";"19647.6";"12332"
"638";"15852.1946";"19505.1026";"11611";"27866.4";"19506.48";"12249"
"639";"16133.894921";"19363.337369";"11526";"27662.4";"19363.68";"12165"
"640";"16415.595241";"19222.321931";"11442";"27460.8";"19222.56";"12082"
"641";"16697.295562";"19081.603797";"11359";"27261.6";"19083.12";"12000"
"642";"16978.995883";"18940.885662";"11275";"27060";"18942";"11917"
"643";"17260.696203";"18800.167528";"11191";"26858.4";"18800.88";"11834"
"644";"17542.396524";"18659.449393";"11107";"26656.8";"18659.76";"11751"
"645";"17824.096845";"18518.731259";"11024";"26457.6";"18520.32";"11669"
"646";"18105.797166";"18378.013124";"10940";"26256";"18379.2";"11586"
"647";"18387.497486";"18237.29499";"10856";"26054.4";"18238.08";"11503"
"648";"18669.197807";"18096.576855";"10772";"25852.8";"18096.96";"11420"
"649";"18950.898128";"17955.858721";"10689";"25653.6";"17957.52";"11338"
"650";"19232.598448";"17815.140586";"10605";"25452";"17816.4";"11255"
"651";"19514.298769";"17674.422452";"10521";"25250.4";"17675.28";"11172"
"652";"19795.99909";"17533.704317";"10437";"25048.8";"17534.16";"11089"
"653";"20077.69941";"17392.986183";"10353";"24847.2";"17393.04";"11006"
"654";"20359.399731";"17252.268048";"10270";"24648";"17253.6";"10924"
"655";"20641.100052";"17111.549914";"10186";"24446.4";"17112.48";"10841"
"656";"20922.800372";"16970.836655";"10102";"24244.8";"16971.36";"10758"
"657";"21204.500693";"16830.725414";"10019";"24045.6";"16831.92";"10676"
"658";"21486.201014";"16690.614172";"9935";"23844";"16690.8";"10593"
"659";"21767.901334";"16550.502931";"9852";"23644.8";"16551.36";"10511"
"660";"22049.601655";"16410.39169";"9769";"23445.6";"16411.92";"10429"
"661";"22331.301976";"16270.280448";"9685";"23244";"16270.8";"10346"
"662";"22613.002297";"16130.169207";"9602";"23044.8";"16131.36";"10264"
"663";"22894.702617";"15990.057966";"9518";"22843.2";"15990.24";"10181"
"664";"23176.402938";"15849.946724";"9435";"22644";"15850.8";"10099"
"665";"23458.103259";"15709.835483";"9352";"22444.8";"15711.36";"10017"
"666";"23739.803579";"15569.724241";"9268";"22243.2";"15570.24";"9934"
"667";"24021.5039";"15429.613";"9185";"22044";"15430.8";"9852"
"668";"24303.204221";"15289.501759";"9101";"21842.4";"15289.68";"9769"
"669";"24584.904541";"15149.390517";"9018";"21643.2";"15150.24";"9687"
"670";"24866.604862";"15009.279276";"8935";"21444";"15010.8";"9605"
"671";"25148.305183";"14869.168034";"8851";"21242.4";"14869.68";"9522"
"672";"25430.005503";"14729.056793";"8768";"21043.2";"14730.24";"9440"
"673";"25711.705824";"14588.945552";"8684";"20841.6";"14589.12";"9357"
"674";"25993.406145";"14448.83431";"8601";"20642.4";"14449.68";"9275"
"675";"26275.106466";"14308.723069";"8518";"20443.2";"14310.24";"9193"
"676";"26556.806786";"14168.611828";"8434";"20241.6";"14169.12";"9110"
"677";"26838.507107";"14028.500586";"8351";"20042.4";"14029.68";"9028"
"678";"27120.207428";"13888.389345";"8267";"19840.8";"13888.56";"8945"
"679";"27401.907748";"13748.278103";"8184";"19641.6";"13749.12";"8863"
"680";"27683.608069";"13608.166862";"8101";"19442.4";"13609.68";"8781"
"681";"27965.30839";"13468.055621";"8017";"19240.8";"13468.56";"8698"
"682";"28247.00871";"13327.944379";"7934";"19041.6";"13329.12";"8616"
"683";"28528.709031";"13187.833138";"7850";"18840";"13188";"8533"
"684";"28810.409352";"13047.721897";"7767";"18640.8";"13048.56";"8451"
"685";"29092.109672";"12907.610655";"7684";"18441.6";"12909.12";"8369"
"686";"29373.809993";"12767.499414";"7600";"18240";"12768";"8286"
"687";"29655.510314";"12627.388172";"7517";"18040.8";"12628.56";"8204"
"688";"29937.210634";"12487.276931";"7433";"17839.2";"12487.44";"8121"
"689";"30218.910955";"12347.16569";"7350";"17640";"12348";"8039"
"690";"30500.611276";"12207.054448";"7267";"17440.8";"12208.56";"7957"
"691";"30782.311597";"12066.943207";"7183";"17239.2";"12067.44";"7874"
"692";"31064.011917";"11926.831966";"7100";"17040";"11928";"7792"
"693";"31345.712238";"11786.720724";"7016";"16838.4";"11786.88";"7709"
"694";"31627.412559";"11646.609483";"6933";"16639.2";"11647.44";"7627"
"695";"31909.112879";"11506.498241";"6850";"16440";"11508";"7545"
"696";"32190.8132";"11366.387";"6766";"16238.4";"11366.88";"7462"
"697";"32472.513521";"11236.626503";"6689";"16053.6";"11237.52";"7386"
"698";"32754.213841";"11114.117807";"6616";"15878.4";"11114.88";"7314"
"699";"33035.914162";"10991.60911";"6543";"15703.2";"10992.24";"7242"
"700";"33317.614483";"10869.100414";"6470";"15528";"10869.6";"7170"
"701";"33599.314803";"10746.591717";"6397";"15352.8";"10746.96";"7098"
"702";"33881.015124";"10624.083021";"6324";"15177.6";"10624.32";"7026"
"703";"34162.715445";"10501.574324";"6251";"15002.4";"10501.68";"6954"
"704";"34444.415766";"10379.065628";"6179";"14829.6";"10380.72";"6883"
"705";"34726.116086";"10256.556931";"6106";"14654.4";"10258.08";"6811"
"706";"35007.816407";"10134.048234";"6033";"14479.2";"10135.44";"6739"
"707";"35289.516728";"10011.539538";"5960";"14304";"10012.8";"6667"
"708";"35571.217048";"9889.030841";"5887";"14128.8";"9890.16";"6595"
"709";"35852.917369";"9766.522145";"5814";"13953.6";"9767.52";"6523"
"710";"36134.61769";"9644.013448";"5741";"13778.4";"9644.88";"6451"
"711";"36416.31801";"9521.504752";"5668";"13603.2";"9522.24";"6379"
"712";"36698.018331";"9398.996055";"5595";"13428";"9399.6";"6307"
"713";"36979.718652";"9276.487359";"5522";"13252.8";"9276.96";"6235"
"714";"37261.418972";"9208.821234";"5482";"13156.8";"9209.76";"6196"
"715";"37543.119293";"9153.224259";"5449";"13077.6";"9154.32";"6164"
"716";"37824.819614";"9097.627283";"5416";"12998.4";"9098.88";"6132"
"717";"38106.519934";"9042.030307";"5383";"12919.2";"9043.44";"6100"
"718";"38388.220255";"8986.433331";"5350";"12840";"8988";"6068"
"719";"38669.920576";"8930.836355";"5316";"12758.4";"8930.88";"6035"
"720";"38951.620897";"8875.239379";"5283";"12679.2";"8875.44";"6003"
"721";"39233.321217";"8819.642403";"5250";"12600";"8820";"5971"
"722";"39515.021538";"8764.045428";"5217";"12520.8";"8764.56";"5939"
"723";"39796.721859";"8708.448452";"5184";"12441.6";"8709.12";"5907"
"724";"40078.422179";"8652.851476";"5151";"12362.4";"8653.68";"5875"
"725";"40360.1225";"8597.2545";"5118";"12283.2";"8598.24";"5843"
"726";"40641.822821";"8541.657524";"5085";"12204";"8542.8";"5811"
"727";"40923.523141";"8486.060548";"5052";"12124.8";"8487.36";"5779"
"728";"41205.223462";"8430.463572";"5019";"12045.6";"8431.92";"5747"
"729";"41486.923783";"8374.866597";"4986";"11966.4";"8376.48";"5715"
"730";"41768.624103";"8319.269621";"4952";"11884.8";"8319.36";"5682"
"731";"42050.324424";"8263.672645";"4919";"11805.6";"8263.92";"5650"
"732";"42332.024745";"8208.075669";"4886";"11726.4";"8208.48";"5618"
"733";"42613.725066";"8152.478693";"4853";"11647.2";"8153.04";"5586"
"734";"42895.425386";"8096.881717";"4820";"11568";"8097.6";"5554"
"735";"43177.125707";"8041.284741";"4787";"11488.8";"8042.16";"5522"
"736";"43458.826028";"7985.687766";"4754";"11409.6";"7986.72";"5490"
"737";"43740.526348";"7930.09079";"4721";"11330.4";"7931.28";"5458"
"738";"44022.226669";"7874.493814";"4688";"11251.2";"7875.84";"5426"
"739";"44303.92699";"7818.896838";"4655";"11172";"7820.4";"5394"
"740";"44585.62731";"7763.299862";"4622";"11092.8";"7764.96";"5362"
"741";"44867.327631";"7707.702886";"4588";"11011.2";"7707.84";"5329"
"742";"45149.027952";"7652.10591";"4555";"10932";"7652.4";"5297"
"743";"45430.728272";"7596.508934";"4522";"10852.8";"7596.96";"5265"
"744";"45712.428593";"7540.911959";"4489";"10773.6";"7541.52";"5233"
"745";"45994.128914";"7485.314983";"4456";"10694.4";"7486.08";"5201"
"746";"46275.829234";"7429.983255";"4423";"10615.2";"7430.64";"5169"
"747";"46557.529555";"7375.341648";"4391";"10538.4";"7376.88";"5138"
"748";"46839.229876";"7320.700041";"4358";"10459.2";"7321.44";"5106"
"749";"47120.930197";"7266.058434";"4326";"10382.4";"7267.68";"5075"
"750";"47402.630517";"7211.416828";"4293";"10303.2";"7212.24";"5043"
"751";"47684.330838";"7156.775221";"4260";"10224";"7156.8";"5011"
"752";"47966.031159";"7102.133614";"4228";"10147.2";"7103.04";"4980"
"753";"48247.731479";"7047.492007";"4195";"10068";"7047.6";"4948"
"754";"48529.4318";"6992.8504";"4163";"9991.2";"6993.84";"4917"
"755";"48811.132121";"6938.208793";"4130";"9912";"6938.4";"4885"
"756";"49092.832441";"6884.30571";"4098";"9835.2";"6884.64";"4854"
"757";"49374.532762";"6831.463766";"4067";"9760.8";"6832.56";"4824"
"758";"49656.233083";"6778.621821";"4035";"9684";"6778.8";"4793"
"759";"49937.933403";"6725.779876";"4004";"9609.6";"6726.72";"4763"
"760";"50219.633724";"6672.937931";"3972";"9532.8";"6672.96";"4732"
"761";"50501.334045";"6620.095986";"3941";"9458.4";"6620.88";"4702"
"762";"50783.034366";"6567.254041";"3910";"9384";"6568.8";"4672"
"763";"51064.734686";"6514.412097";"3878";"9307.2";"6515.04";"4641"
"764";"51346.435007";"6461.570152";"3847";"9232.8";"6462.96";"4611"
"765";"51628.135328";"6408.728207";"3815";"9156";"6409.2";"4580"
"766";"51909.835648";"6355.886262";"3784";"9081.6";"6357.12";"4550"
"767";"52191.535969";"6303.044317";"3752";"9004.8";"6303.36";"4519"
"768";"52473.23629";"6250.202372";"3721";"8930.4";"6251.28";"4489"
"769";"52754.93661";"6197.360428";"3689";"8853.6";"6197.52";"4458"
"770";"53036.636931";"6144.518483";"3658";"8779.2";"6145.44";"4428"
"771";"53318.337252";"6091.676538";"3626";"8702.4";"6091.68";"4397"
"772";"53600.037572";"6038.834593";"3595";"8628";"6039.6";"4367"
"773";"53881.737893";"5985.992648";"3564";"8553.6";"5987.52";"4337"
"774";"54163.438214";"5933.150703";"3532";"8476.8";"5933.76";"4306"
"775";"54445.138534";"5880.308759";"3501";"8402.4";"5881.68";"4276"
"776";"54726.838855";"5827.466814";"3469";"8325.6";"5827.92";"4245"
"777";"55008.539176";"5774.624869";"3438";"8251.2";"5775.84";"4215"
"778";"55290.239497";"5721.782924";"3406";"8174.4";"5722.08";"4184"
"779";"55571.939817";"5668.940979";"3375";"8100";"5670";"4154"
"780";"55853.640138";"5620.68769";"3346";"8030.4";"5621.28";"4126"
"781";"56135.340459";"5593.047493";"3330";"7992";"5594.4";"4111"
"782";"56417.040779";"5565.407297";"3313";"7951.2";"5565.84";"4095"
"783";"56698.7411";"5537.7671";"3297";"7912.8";"5538.96";"4080"
"784";"56980.441421";"5510.126903";"3280";"7872";"5510.4";"4064"
"785";"57262.141741";"5482.486707";"3264";"7833.6";"5483.52";"4049"
"786";"57543.842062";"5454.84651";"3247";"7792.8";"5454.96";"4033"
"787";"57825.542383";"5427.206314";"3231";"7754.4";"5428.08";"4018"
"788";"58107.242703";"5399.566117";"3215";"7716";"5401.2";"4003"
"789";"58388.943024";"5371.925921";"3198";"7675.2";"5372.64";"3987"
"790";"58670.643345";"5344.285724";"3182";"7636.8";"5345.76";"3972"
"791";"58952.343666";"5316.645528";"3165";"7596";"5317.2";"3956"
"792";"59234.043986";"5289.005331";"3149";"7557.6";"5290.32";"3941"
"793";"59515.744307";"5261.365134";"3132";"7516.8";"5261.76";"3925"
"794";"59797.444628";"5233.724938";"3116";"7478.4";"5234.88";"3910"
"795";"60079.144948";"5206.084741";"3099";"7437.6";"5206.32";"3894"
"796";"60360.845269";"5178.444545";"3083";"7399.2";"5179.44";"3879"
"797";"60642.54559";"5150.804348";"3066";"7358.4";"5150.88";"3863"
"798";"60924.24591";"5123.164152";"3050";"7320";"5124";"3848"
"799";"61205.946231";"5095.523955";"3034";"7281.6";"5097.12";"3833"
"800";"61487.646552";"5067.883759";"3017";"7240.8";"5068.56";"3817"
"801";"61769.346872";"5040.243562";"3001";"7202.4";"5041.68";"3802"
"802";"62051.047193";"5012.603366";"2984";"7161.6";"5013.12";"3786"
"803";"62332.747514";"4984.963169";"2968";"7123.2";"4986.24";"3771"
"804";"62614.447834";"4957.322972";"2951";"7082.4";"4957.68";"3755"
"805";"62896.148155";"4929.682776";"2935";"7044";"4930.8";"3740"
"806";"63177.848476";"4902.042579";"2918";"7003.2";"4902.24";"3724"
"807";"63459.548797";"4874.402383";"2902";"6964.8";"4875.36";"3709"
"808";"63741.249117";"4846.762186";"2885";"6924";"4846.8";"3693"
"809";"64022.949438";"4819.12199";"2869";"6885.6";"4819.92";"3678"
"810";"64304.649759";"4791.481793";"2853";"6847.2";"4793.04";"3663"
"811";"64586.350079";"4763.841597";"2836";"6806.4";"4764.48";"3647"
"812";"64868.0504";"4736.2014";"2820";"6768";"4737.6";"3632"
"813";"65149.750721";"4708.561203";"2803";"6727.2";"4709.04";"3616"
"814";"65431.451041";"4680.921007";"2787";"6688.8";"4682.16";"3601"
"815";"65713.151362";"4653.28081";"2770";"6648";"4653.6";"3585"
"816";"65994.851683";"4625.640614";"2754";"6609.6";"4626.72";"3570"
"817";"66276.552003";"4598.000417";"2737";"6568.8";"4598.16";"3554"
"818";"66558.252324";"4570.360221";"2721";"6530.4";"4571.28";"3539"
"819";"66839.952645";"4542.720024";"2705";"6492";"4544.4";"3524"
"820";"67121.652966";"4515.079828";"2688";"6451.2";"4515.84";"3508"
"821";"67403.353286";"4487.439631";"2672";"6412.8";"4488.96";"3493"
"822";"67685.053607";"4459.799434";"2655";"6372";"4460.4";"3477"
"823";"67966.753928";"4432.159238";"2639";"6333.6";"4433.52";"3462"
"824";"68248.454248";"4404.519041";"2622";"6292.8";"4404.96";"3446"
"825";"68530.154569";"4377.795069";"2606";"6254.4";"4378.08";"3431"
"826";"68811.85489";"4353.51729";"2592";"6220.8";"4354.56";"3418"
"827";"69093.55521";"4329.23951";"2577";"6184.8";"4329.36";"3404"
"828";"69375.255531";"4304.961731";"2563";"6151.2";"4305.84";"3391"
"829";"69656.955852";"4280.683952";"2549";"6117.6";"4282.32";"3378"
"830";"69938.656172";"4256.406172";"2534";"6081.6";"4257.12";"3364"
"831";"70220.356493";"4232.128393";"2520";"6048";"4233.6";"3351"
"832";"70502.056814";"4207.850614";"2505";"6012";"4208.4";"3337"
"833";"70783.757134";"4183.572834";"2491";"5978.4";"4184.88";"3324"
"834";"71065.457455";"4159.295055";"2476";"5942.4";"4159.68";"3310"
"835";"71347.157776";"4135.017276";"2462";"5908.8";"4136.16";"3297"
"836";"71628.858097";"4110.739497";"2447";"5872.8";"4110.96";"3283"
"837";"71910.558417";"4086.461717";"2433";"5839.2";"4087.44";"3270"
"838";"72192.258738";"4062.183938";"2418";"5803.2";"4062.24";"3256"
"839";"72473.959059";"4037.906159";"2404";"5769.6";"4038.72";"3243"
"840";"72755.659379";"4013.628379";"2390";"5736";"4015.2";"3230"
"841";"73037.3597";"3989.3506";"2375";"5700";"3990";"3216"
"842";"73319.060021";"3965.072821";"2361";"5666.4";"3966.48";"3203"
"843";"73600.760341";"3940.795041";"2346";"5630.4";"3941.28";"3189"
"844";"73882.460662";"3916.517262";"2332";"5596.8";"3917.76";"3176"
"845";"74164.160983";"3892.239483";"2317";"5560.8";"3892.56";"3162"
"846";"74445.861303";"3867.961703";"2303";"5527.2";"3869.04";"3149"
"847";"74727.561624";"3843.683924";"2288";"5491.2";"3843.84";"3135"
"848";"75009.261945";"3819.406145";"2274";"5457.6";"3820.32";"3122"
"849";"75290.962266";"3795.128366";"2260";"5424";"3796.8";"3109"
"850";"75572.662586";"3770.850586";"2245";"5388";"3771.6";"3095"
"851";"75854.362907";"3746.572807";"2231";"5354.4";"3748.08";"3082"
"852";"76136.063228";"3722.295028";"2216";"5318.4";"3722.88";"3068"
"853";"76417.763548";"3698.017248";"2202";"5284.8";"3699.36";"3055"
"854";"76699.463869";"3673.739469";"2187";"5248.8";"3674.16";"3041"
"855";"76981.16419";"3649.46169";"2173";"5215.2";"3650.64";"3028"
"856";"77262.86451";"3625.18391";"2158";"5179.2";"3625.44";"3014"
"857";"77544.564831";"3600.906131";"2144";"5145.6";"3601.92";"3001"
"858";"77826.265152";"3576.628352";"2129";"5109.6";"3576.72";"2987"
"859";"78107.965472";"3552.350572";"2115";"5076";"3553.2";"2974"
"860";"78389.665793";"3528.072793";"2101";"5042.4";"3529.68";"2961"
"861";"78671.366114";"3503.795014";"2086";"5006.4";"3504.48";"2947"
"862";"78953.066434";"3479.517234";"2072";"4972.8";"3480.96";"2934"
"863";"79234.766755";"3455.239455";"2057";"4936.8";"3455.76";"2920"
"864";"79516.467076";"3430.961676";"2043";"4903.2";"3432.24";"2907"
"865";"79798.167397";"3406.683897";"2028";"4867.2";"3407.04";"2893"
"866";"80079.867717";"3382.406117";"2014";"4833.6";"3383.52";"2880"
"867";"80361.568038";"3358.128338";"1999";"4797.6";"3358.32";"2866"
"868";"80643.268359";"3333.850559";"1985";"4764";"3334.8";"2853"
"869";"80924.968679";"3309.572779";"1970";"4728";"3309.6";"2839"
"870";"81206.669";"3285.295";"1956";"4694.4";"3286.08";"2826"
"871";"81488.369321";"3261.055621";"1942";"4660.8";"3262.56";"2813"
"872";"81770.069641";"3236.827241";"1927";"4624.8";"3237.36";"2799"
"873";"82051.769962";"3212.598862";"1913";"4591.2";"3213.84";"2786"
"874";"82333.470283";"3188.370483";"1898";"4555.2";"3188.64";"2772"
"875";"82615.170603";"3164.142103";"1884";"4521.6";"3165.12";"2759"
"876";"82896.870924";"3153.199924";"1877";"4504.8";"3153.36";"2753"
"877";"83178.571245";"3147.622245";"1874";"4497.6";"3148.32";"2751"
"878";"83460.271566";"3142.044566";"1871";"4490.4";"3143.28";"2749"
"879";"83741.971886";"3136.466886";"1867";"4480.8";"3136.56";"2746"
"880";"84023.672207";"3130.889207";"1864";"4473.6";"3131.52";"2744"
"881";"84305.372528";"3125.311528";"1861";"4466.4";"3126.48";"2742"
"882";"84587.072848";"3119.733848";"1857";"4456.8";"3119.76";"2739"
"883";"84868.773169";"3114.156169";"1854";"4449.6";"3114.72";"2737"
"884";"85150.47349";"3108.57849";"1851";"4442.4";"3109.68";"2735"
"885";"85432.17381";"3103.00081";"1848";"4435.2";"3104.64";"2733"
"886";"85713.874131";"3097.423131";"1844";"4425.6";"3097.92";"2730"
"887";"85995.574452";"3091.845452";"1841";"4418.4";"3092.88";"2728"
"888";"86277.274772";"3086.267772";"1838";"4411.2";"3087.84";"2726"
"889";"86558.975093";"3080.690093";"1834";"4401.6";"3081.12";"2723"
"890";"86840.675414";"3075.112414";"1831";"4394.4";"3076.08";"2721"
"891";"87122.375734";"3069.534734";"1828";"4387.2";"3071.04";"2719"
"892";"87404.076055";"3063.957055";"1824";"4377.6";"3064.32";"2716"
"893";"87685.776376";"3058.379376";"1821";"4370.4";"3059.28";"2714"
"894";"87967.476697";"3052.801697";"1818";"4363.2";"3054.24";"2712"
"895";"88249.177017";"3047.224017";"1814";"4353.6";"3047.52";"2709"
"896";"88530.877338";"3041.646338";"1811";"4346.4";"3042.48";"2707"
"897";"88812.577659";"3036.068659";"1808";"4339.2";"3037.44";"2705"
"898";"89094.277979";"3030.490979";"1804";"4329.6";"3030.72";"2702"
"899";"89375.9783";"3024.9133";"1801";"4322.4";"3025.68";"2700"
"900";"89657.678621";"3019.335621";"1798";"4315.2";"3020.64";"2698"
"901";"89939.378941";"3013.757941";"1794";"4305.6";"3013.92";"2695"
"902";"90221.079262";"3008.180262";"1791";"4298.4";"3008.88";"2693"
"903";"90502.779583";"3002.602583";"1788";"4291.2";"3003.84";"2691"
"904";"90784.479903";"2997.024903";"1784";"4281.6";"2997.12";"2688"
"905";"91066.180224";"2991.447224";"1781";"4274.4";"2992.08";"2686"
"906";"91347.880545";"2985.869545";"1778";"4267.2";"2987.04";"2684"
"907";"91629.580866";"2980.291866";"1774";"4257.6";"2980.32";"2681"
"908";"91911.281186";"2974.714186";"1771";"4250.4";"2975.28";"2679"
"909";"92192.981507";"2969.136507";"1768";"4243.2";"2970.24";"2677"
"910";"92474.681828";"2963.558828";"1765";"4236";"2965.2";"2675"
"911";"92756.382148";"2957.981148";"1761";"4226.4";"2958.48";"2672"
"912";"93038.082469";"2952.403469";"1758";"4219.2";"2953.44";"2670"
"913";"93319.78279";"2946.82579";"1755";"4212";"2948.4";"2668"
"914";"93601.48311";"2941.24811";"1751";"4202.4";"2941.68";"2665"
"915";"93883.183431";"2935.670431";"1748";"4195.2";"2936.64";"2663"
"916";"94164.883752";"2930.092752";"1745";"4188";"2931.6";"2661"
"917";"94446.584072";"2924.515072";"1741";"4178.4";"2924.88";"2658"
"918";"94728.284393";"2918.937393";"1738";"4171.2";"2919.84";"2656"
"919";"95009.984714";"2913.359714";"1735";"4164";"2914.8";"2654"
"920";"95291.685034";"2907.782034";"1731";"4154.4";"2908.08";"2651"
"921";"95573.385355";"2902.204355";"1728";"4147.2";"2903.04";"2649"
"922";"95855.085676";"2896.626676";"1725";"4140";"2898";"2647"
"923";"96136.785997";"2891.048997";"1721";"4130.4";"2891.28";"2644"
"924";"96418.486317";"2885.471317";"1718";"4123.2";"2886.24";"2642"
"925";"96700.186638";"2879.893638";"1715";"4116";"2881.2";"2640"
"926";"96981.886959";"2874.315959";"1711";"4106.4";"2874.48";"2637"
"927";"97263.587279";"2868.738279";"1708";"4099.2";"2869.44";"2635"
"928";"97545.2876";"2863.1606";"1705";"4092";"2864.4";"2633"
"929";"97826.987921";"2857.582921";"1701";"4082.4";"2857.68";"2630"
"930";"98108.688241";"2852.005241";"1698";"4075.2";"2852.64";"2628"
"931";"98390.388562";"2846.427562";"1695";"4068";"2847.6";"2626"
"932";"98672.088883";"2840.860759";"1691";"4058.4";"2840.88";"2623"
"933";"98953.789203";"2835.311448";"1688";"4051.2";"2835.84";"2621"
"934";"99235.489524";"2829.762138";"1685";"4044";"2830.8";"2619"
"935";"99517.189845";"2824.212828";"1682";"4036.8";"2825.76";"2617"
"936";"99798.890166";"2818.663517";"1678";"4027.2";"2819.04";"2614"
"937";"100080.590486";"2813.114207";"1675";"4020";"2814";"2612"
"938";"100362.290807";"2807.564897";"1672";"4012.8";"2808.96";"2610"
"939";"100643.991128";"2802.015586";"1668";"4003.2";"2802.24";"2607"
"940";"100925.691448";"2796.466276";"1665";"3996";"2797.2";"2605"
"941";"101207.391769";"2790.916966";"1662";"3988.8";"2792.16";"2603"
"942";"101489.09209";"2785.367655";"1658";"3979.2";"2785.44";"2600"
"943";"101770.79241";"2779.818345";"1655";"3972";"2780.4";"2598"
"944";"102052.492731";"2774.269034";"1652";"3964.8";"2775.36";"2596"
"945";"102334.193052";"2768.719724";"1649";"3957.6";"2770.32";"2594"
"946";"102615.893372";"2763.170414";"1645";"3948";"2763.6";"2591"
"947";"102897.593693";"2757.621103";"1642";"3940.8";"2758.56";"2589"
"948";"103179.294014";"2752.071793";"1639";"3933.6";"2753.52";"2587"
"949";"103460.994334";"2746.522483";"1635";"3924";"2746.8";"2584"
"950";"103742.694655";"2740.973172";"1632";"3916.8";"2741.76";"2582"
"951";"104024.394976";"2735.423862";"1629";"3909.6";"2736.72";"2580"
"952";"104306.095297";"2729.874552";"1625";"3900";"2730";"2577"
"953";"104587.795617";"2724.325241";"1622";"3892.8";"2724.96";"2575"
"954";"104869.495938";"2718.775931";"1619";"3885.6";"2719.92";"2573"
"955";"105151.196259";"2713.226621";"1616";"3878.4";"2714.88";"2571"
"956";"105432.896579";"2707.67731";"1612";"3868.8";"2708.16";"2568"
"957";"105714.5969";"2702.128";"1609";"3861.6";"2703.12";"2566"
"958";"105996.297221";"2696.57869";"1606";"3854.4";"2698.08";"2564"
"959";"106277.997541";"2691.029379";"1602";"3844.8";"2691.36";"2561"
"960";"106559.697862";"2685.480069";"1599";"3837.6";"2686.32";"2559"
"961";"106841.398183";"2679.930759";"1596";"3830.4";"2681.28";"2557"
"962";"107123.098503";"2674.381448";"1592";"3820.8";"2674.56";"2554"
"963";"107404.798824";"2668.832138";"1589";"3813.6";"2669.52";"2552"
"964";"107686.499145";"2663.282828";"1586";"3806.4";"2664.48";"2550"
"965";"107968.199466";"2657.733517";"1582";"3796.8";"2657.76";"2547"
"966";"108249.899786";"2652.184207";"1579";"3789.6";"2652.72";"2545"
"967";"108531.600107";"2646.634897";"1576";"3782.4";"2647.68";"2543"
"968";"108813.300428";"2641.085586";"1573";"3775.2";"2642.64";"2541"
"969";"109095.000748";"2635.536276";"1569";"3765.6";"2635.92";"2538"
"970";"109376.701069";"2629.986966";"1566";"3758.4";"2630.88";"2536"
"971";"109658.40139";"2624.437655";"1563";"3751.2";"2625.84";"2534"
"972";"109940.10171";"2618.888345";"1559";"3741.6";"2619.12";"2531"
"973";"110221.802031";"2613.339034";"1556";"3734.4";"2614.08";"2529"
"974";"110503.502352";"2607.789724";"1553";"3727.2";"2609.04";"2527"
"975";"110785.202672";"2602.240414";"1549";"3717.6";"2602.32";"2524"
"976";"111066.902993";"2596.691103";"1546";"3710.4";"2597.28";"2522"
"977";"111348.603314";"2591.141793";"1543";"3703.2";"2592.24";"2520"
"978";"111630.303634";"2585.592483";"1540";"3696";"2587.2";"2518"
"979";"111912.003955";"2580.043172";"1536";"3686.4";"2580.48";"2515"
"980";"112193.704276";"2574.493862";"1533";"3679.2";"2575.44";"2513"
"981";"112475.404597";"2568.944552";"1530";"3672";"2570.4";"2511"
"982";"112757.104917";"2563.395241";"1526";"3662.4";"2563.68";"2508"
"983";"113038.805238";"2557.845931";"1523";"3655.2";"2558.64";"2506"
"984";"113320.505559";"2552.296621";"1520";"3648";"2553.6";"2504"
"985";"113602.205879";"2546.74731";"1516";"3638.4";"2546.88";"2501"
"986";"113883.9062";"2541.198";"1513";"3631.2";"2541.84";"2499"
"987";"114165.606521";"2535.64869";"1510";"3624";"2536.8";"2497"
"988";"114447.306841";"2530.099379";"1507";"3616.8";"2531.76";"2495"
"989";"114729.007162";"2524.550069";"1503";"3607.2";"2525.04";"2492"
"990";"115010.707483";"2519.000759";"1500";"3600";"2520";"2490"
"991";"115292.407803";"2513.451448";"1497";"3592.8";"2514.96";"2488"
"992";"115574.108124";"2507.902138";"1493";"3583.2";"2508.24";"2485"
"993";"115855.808445";"2502.352828";"1490";"3576";"2503.2";"2483"
"994";"116137.508766";"2496.803517";"1487";"3568.8";"2498.16";"2481"
"995";"116419.209086";"2491.254207";"1483";"3559.2";"2491.44";"2478"
"996";"116700.909407";"2485.704897";"1480";"3552";"2486.4";"2476"
"997";"116982.609728";"2480.155586";"1477";"3544.8";"2481.36";"2474"
"998";"117264.310048";"2474.606276";"1473";"3535.2";"2474.64";"2471"
"999";"117546.010369";"2469.056966";"1470";"3528";"2469.6";"2469"
"1000";"117827.71069";"2463.507655";"1467";"3520.8";"2464.56";"2467"
"1001";"118109.41101";"2457.958345";"1464";"3513.6";"2459.52";"2465"
"1002";"118391.111331";"2452.409034";"1460";"3504";"2452.8";"2462"
"1003";"118672.811652";"2446.859724";"1457";"3496.8";"2447.76";"2460"
"1004";"118954.511972";"2441.310414";"1454";"3489.6";"2442.72";"2458"
"1005";"119236.212293";"2435.761103";"1450";"3480";"2436";"2455"
"1006";"119517.912614";"2430.211793";"1447";"3472.8";"2430.96";"2453"
"1007";"119799.612934";"2424.662483";"1444";"3465.6";"2425.92";"2451"
"1008";"120081.313255";"2419.113172";"1440";"3456";"2419.2";"2448"
"1009";"120363.013576";"2413.563862";"1437";"3448.8";"2414.16";"2446"
"1010";"120644.713897";"2408.014552";"1434";"3441.6";"2409.12";"2444"
"1011";"120926.414217";"2402.465241";"1431";"3434.4";"2404.08";"2442"
"1012";"121208.114538";"2396.915931";"1427";"3424.8";"2397.36";"2439"
"1013";"121489.814859";"2391.366621";"1424";"3417.6";"2392.32";"2437"
"1014";"121771.515179";"2385.81731";"1421";"3410.4";"2387.28";"2435"
"1015";"122053.2155";"2380.268";"1417";"3400.8";"2380.56";"2432"
"1016";"122334.915821";"2374.71869";"1414";"3393.6";"2375.52";"2430"
"1017";"122616.616141";"2369.169379";"1411";"3386.4";"2370.48";"2428"
"1018";"122898.316462";"2363.620069";"1407";"3376.8";"2363.76";"2425"
"1019";"123180.016783";"2358.070759";"1404";"3369.6";"2358.72";"2423"
"1020";"123461.717103";"2352.521448";"1401";"3362.4";"2353.68";"2421"
"1021";"123743.417424";"2346.972138";"1398";"3355.2";"2348.64";"2419"
"1022";"124025.117745";"2341.422828";"1394";"3345.6";"2341.92";"2416"
"1023";"124306.818066";"2335.873517";"1391";"3338.4";"2336.88";"2414"
"1024";"124588.518386";"2330.324207";"1388";"3331.2";"2331.84";"2412"
"1025";"124870.218707";"2324.774897";"1384";"3321.6";"2325.12";"2409"
"1026";"125151.919028";"2319.225586";"1381";"3314.4";"2320.08";"2407"
"1027";"125433.619348";"2313.676276";"1378";"3307.2";"2315.04";"2405"
"1028";"125715.319669";"2308.126966";"1374";"3297.6";"2308.32";"2402"
"1029";"125997.01999";"2302.577655";"1371";"3290.4";"2303.28";"2400"
"1030";"126278.72031";"2297.028345";"1368";"3283.2";"2298.24";"2398"
"1031";"126560.420631";"2291.479034";"1364";"3273.6";"2291.52";"2395"
"1032";"126842.120952";"2285.929724";"1361";"3266.4";"2286.48";"2393"
"1033";"127123.821272";"2280.380414";"1358";"3259.2";"2281.44";"2391"
"1034";"127405.521593";"2274.831103";"1355";"3252";"2276.4";"2389"
"1035";"127687.221914";"2269.281793";"1351";"3242.4";"2269.68";"2386"
"1036";"127968.922234";"2263.732483";"1348";"3235.2";"2264.64";"2384"
"1037";"128250.622555";"2258.183172";"1345";"3228";"2259.6";"2382"
"1038";"128532.322876";"2252.633862";"1341";"3218.4";"2252.88";"2379"
"1039";"128814.023197";"2247.084552";"1338";"3211.2";"2247.84";"2377"
"1040";"129095.723517";"2241.535241";"1335";"3204";"2242.8";"2375"
"1041";"129377.423838";"2235.985931";"1331";"3194.4";"2236.08";"2372"
"1042";"129659.124159";"2230.436621";"1328";"3187.2";"2231.04";"2370"
"1043";"129940.824479";"2224.88731";"1325";"3180";"2226";"2368"
"1044";"130222.5248";"2219.338";"1322";"3172.8";"2220.96";"2366"
"1045";"130504.225121";"2213.78869";"1318";"3163.2";"2214.24";"2363"
"1046";"130785.925441";"2208.239379";"1315";"3156";"2209.2";"2361"
"1047";"131067.625762";"2202.690069";"1312";"3148.8";"2204.16";"2359"
"1048";"131349.326083";"2197.140759";"1308";"3139.2";"2197.44";"2356"
"1049";"131631.026403";"2191.591448";"1305";"3132";"2192.4";"2354"
"1050";"131912.726724";"2186.042138";"1302";"3124.8";"2187.36";"2352"
"1051";"132194.427045";"2180.492828";"1298";"3115.2";"2180.64";"2349"
"1052";"132476.127366";"2174.943517";"1295";"3108";"2175.6";"2347"
"1053";"132757.827686";"2169.394207";"1292";"3100.8";"2170.56";"2345"
"1054";"133039.528007";"2163.844897";"1289";"3093.6";"2165.52";"2343"
"1055";"133321.228328";"2158.295586";"1285";"3084";"2158.8";"2340"
"1056";"133602.928648";"2152.746276";"1282";"3076.8";"2153.76";"2338"
"1057";"133884.628969";"2147.196966";"1279";"3069.6";"2148.72";"2336"
"1058";"134166.32929";"2141.647655";"1275";"3060";"2142";"2333"
"1059";"134448.02961";"2136.098345";"1272";"3052.8";"2136.96";"2331"
"1060";"134729.729931";"2130.549034";"1269";"3045.6";"2131.92";"2329"
"1061";"135011.430252";"2124.999724";"1265";"3036";"2125.2";"2326"
"1062";"135293.130572";"2119.450414";"1262";"3028.8";"2120.16";"2324"
"1063";"135574.830893";"2113.901103";"1259";"3021.6";"2115.12";"2322"
"1064";"135856.531214";"2108.351793";"1255";"3012";"2108.4";"2319"
"1065";"136138.231534";"2102.802483";"1252";"3004.8";"2103.36";"2317"
"1066";"136419.931855";"2097.253172";"1249";"2997.6";"2098.32";"2315"
"1067";"136701.632176";"2091.703862";"1246";"2990.4";"2093.28";"2313"
"1068";"136983.332497";"2086.154552";"1242";"2980.8";"2086.56";"2310"
"1069";"137265.032817";"2080.605241";"1239";"2973.6";"2081.52";"2308"
"1070";"137546.733138";"2075.055931";"1236";"2966.4";"2076.48";"2306"
"1071";"137828.433459";"2069.506621";"1232";"2956.8";"2069.76";"2303"
"1072";"138110.133779";"2063.95731";"1229";"2949.6";"2064.72";"2301"
"1073";"138391.8341";"2058.408";"1226";"2942.4";"2059.68";"2299"
"1074";"138673.534421";"2052.85869";"1222";"2932.8";"2052.96";"2296"
"1075";"138955.234741";"2047.309379";"1219";"2925.6";"2047.92";"2294"
"1076";"139236.935062";"2041.760069";"1216";"2918.4";"2042.88";"2292"
"1077";"139518.635383";"2036.210759";"1213";"2911.2";"2037.84";"2290"
"1078";"139800.335703";"2030.661448";"1209";"2901.6";"2031.12";"2287"
"1079";"140082.036024";"2025.112138";"1206";"2894.4";"2026.08";"2285"
"1080";"140363.736345";"2019.562828";"1203";"2887.2";"2021.04";"2283"
"1081";"140645.436666";"2014.013517";"1199";"2877.6";"2014.32";"2280"
"1082";"140927.136986";"2008.464207";"1196";"2870.4";"2009.28";"2278"
"1083";"141208.837307";"2002.914897";"1193";"2863.2";"2004.24";"2276"
"1084";"141490.537628";"1997.365586";"1189";"2853.6";"1997.52";"2273"
"1085";"141772.237948";"1991.816276";"1186";"2846.4";"1992.48";"2271"
"1086";"142053.938269";"1986.266966";"1183";"2839.2";"1987.44";"2269"
"1087";"142335.63859";"1980.717655";"1179";"2829.6";"1980.72";"2266"
"1088";"142617.33891";"1975.168345";"1176";"2822.4";"1975.68";"2264"
"1089";"142899.039231";"1969.619034";"1173";"2815.2";"1970.64";"2262"
"1090";"143180.739552";"1964.069724";"1170";"2808";"1965.6";"2260"
"1091";"143462.439872";"1958.520414";"1166";"2798.4";"1958.88";"2257"
"1092";"143744.140193";"1952.971103";"1163";"2791.2";"1953.84";"2255"
"1093";"144025.840514";"1947.421793";"1160";"2784";"1948.8";"2253"
"1094";"144307.540834";"1941.872483";"1156";"2774.4";"1942.08";"2250"
"1095";"144589.241155";"1936.323172";"1153";"2767.2";"1937.04";"2248"
"1096";"144870.941476";"1930.773862";"1150";"2760";"1932";"2246"
"1097";"145152.641797";"1925.224552";"1146";"2750.4";"1925.28";"2243"
"1098";"145434.342117";"1919.675241";"1143";"2743.2";"1920.24";"2241"
"1099";"145716.042438";"1914.125931";"1140";"2736";"1915.2";"2239"
"1100";"145997.742759";"1908.576621";"1137";"2728.8";"1910.16";"2237"
"1101";"146279.443079";"1903.02731";"1133";"2719.2";"1903.44";"2234"
"1102";"146561.1434";"1897.9308";"1130";"2712";"1898.4";"2232"
"1103";"146842.843721";"1893.485959";"1128";"2707.2";"1895.04";"2231"
"1104";"147124.544041";"1889.041117";"1125";"2700";"1890";"2229"
"1105";"147406.244362";"1884.596276";"1122";"2692.8";"1884.96";"2227"
"1106";"147687.944683";"1880.151434";"1120";"2688";"1881.6";"2226"
"1107";"147969.645003";"1875.706593";"1117";"2680.8";"1876.56";"2224"
"1108";"148251.345324";"1871.261752";"1114";"2673.6";"1871.52";"2222"
"1109";"148533.045645";"1866.81691";"1112";"2668.8";"1868.16";"2221"
"1110";"148814.745966";"1862.372069";"1109";"2661.6";"1863.12";"2219"
"1111";"149096.446286";"1857.927228";"1106";"2654.4";"1858.08";"2217"
"1112";"149378.146607";"1853.482386";"1104";"2649.6";"1854.72";"2216"
"1113";"149659.846928";"1849.037545";"1101";"2642.4";"1849.68";"2214"
"1114";"149941.547248";"1844.592703";"1098";"2635.2";"1844.64";"2212"
"1115";"150223.247569";"1840.147862";"1096";"2630.4";"1841.28";"2211"
"1116";"150504.94789";"1835.703021";"1093";"2623.2";"1836.24";"2209"
"1117";"150786.64821";"1831.258179";"1091";"2618.4";"1832.88";"2208"
"1118";"151068.348531";"1826.813338";"1088";"2611.2";"1827.84";"2206"
"1119";"151350.048852";"1822.368497";"1085";"2604";"1822.8";"2204"
"1120";"151631.749172";"1817.923655";"1083";"2599.2";"1819.44";"2203"
"1121";"151913.449493";"1813.478814";"1080";"2592";"1814.4";"2201"
"1122";"152195.149814";"1809.033972";"1077";"2584.8";"1809.36";"2199"
"1123";"152476.850134";"1804.589131";"1075";"2580";"1806";"2198"
"1124";"152758.550455";"1800.363248";"1072";"2572.8";"1800.96";"2196"
"1125";"153040.250776";"1797.024241";"1070";"2568";"1797.6";"2195"
"1126";"153321.951097";"1793.685234";"1068";"2563.2";"1794.24";"2194"
"1127";"153603.651417";"1790.346228";"1066";"2558.4";"1790.88";"2193"
"1128";"153885.351738";"1787.007221";"1064";"2553.6";"1787.52";"2192"
"1129";"154167.052059";"1783.668214";"1062";"2548.8";"1784.16";"2191"
"1130";"154448.752379";"1780.329207";"1060";"2544";"1780.8";"2190"
"1131";"154730.4527";"1776.9902";"1058";"2539.2";"1777.44";"2189"
"1132";"155012.153021";"1773.651193";"1056";"2534.4";"1774.08";"2188"
"1133";"155293.853341";"1770.312186";"1054";"2529.6";"1770.72";"2187"
"1134";"155575.553662";"1766.973179";"1052";"2524.8";"1767.36";"2186"
"1135";"155857.253983";"1763.634172";"1050";"2520";"1764";"2185"
"1136";"156138.954303";"1760.295166";"1048";"2515.2";"1760.64";"2184"
"1137";"156420.654624";"1757.659503";"1047";"2512.8";"1758.96";"2184"
"1138";"156702.354945";"1755.998221";"1046";"2510.4";"1757.28";"2184"
"1139";"156984.055266";"1754.336938";"1045";"2508";"1755.6";"2184"
"1140";"157265.755586";"1752.675655";"1044";"2505.6";"1753.92";"2184"
"1141";"157547.455907";"1751.014372";"1043";"2503.2";"1752.24";"2184"
"1142";"157829.156228";"1749.35309";"1042";"2500.8";"1750.56";"2184"
"1143";"158110.856548";"1747.691807";"1041";"2498.4";"1748.88";"2184"
"1144";"158392.556869";"1746.030524";"1040";"2496";"1747.2";"2184"
"1145";"158674.25719";"1744.369241";"1039";"2493.6";"1745.52";"2184"
"1146";"158955.95751";"1742.707959";"1038";"2491.2";"1743.84";"2184"
"1147";"159237.657831";"1741.046676";"1037";"2488.8";"1742.16";"2184"
"1148";"159519.358152";"1739.385393";"1036";"2486.4";"1740.48";"2184"
"1149";"159801.058472";"1737.72411";"1035";"2484";"1738.8";"2184"
"1150";"160082.758793";"1736.062828";"1034";"2481.6";"1737.12";"2184"
"1151";"160364.459114";"1734.401545";"1033";"2479.2";"1735.44";"2184"
"1152";"160646.159434";"1732.740262";"1032";"2476.8";"1733.76";"2184"
"1153";"160927.859755";"1731.078979";"1031";"2474.4";"1732.08";"2184"
"1154";"161209.560076";"1729.921503";"1030";"2472";"1730.4";"2184"
"1155";"161491.260397";"1728.895086";"1030";"2472";"1730.4";"2185"
"1156";"161772.960717";"1727.868669";"1029";"2469.6";"1728.72";"2185"
"1157";"162054.661038";"1726.842252";"1028";"2467.2";"1727.04";"2185"
"1158";"162336.361359";"1725.815834";"1028";"2467.2";"1727.04";"2186"
"1159";"162618.061679";"1724.789417";"1027";"2464.8";"1725.36";"2186"
"1160";"162899.762";"1723.763";"1027";"2464.8";"1725.36";"2187"
"1161";"163181.462321";"1722.736583";"1026";"2462.4";"1723.68";"2187"
"1162";"163463.162641";"1721.710166";"1025";"2460";"1722";"2187"
"1163";"163744.862962";"1720.683748";"1025";"2460";"1722";"2188"
"1164";"164026.563283";"1719.657331";"1024";"2457.6";"1720.32";"2188"
"1165";"164308.263603";"1718.630914";"1023";"2455.2";"1718.64";"2188"
"1166";"164589.963924";"1717.604497";"1023";"2455.2";"1718.64";"2189"
"1167";"164871.664245";"1716.578079";"1022";"2452.8";"1716.96";"2189"
"1168";"165153.364566";"1715.551662";"1022";"2452.8";"1716.96";"2190"
"1169";"165435.064886";"1714.525245";"1021";"2450.4";"1715.28";"2190"
"1170";"165716.765207";"1713.498828";"1020";"2448";"1713.6";"2190"
"1171";"165998.465528";"1712.47241";"1020";"2448";"1713.6";"2191"
"1172";"166280.165848";"1711.445993";"1019";"2445.6";"1711.92";"2191"
"1173";"166561.866169";"1710.419576";"1019";"2445.6";"1711.92";"2192"
"1174";"166843.56649";"1709.393159";"1018";"2443.2";"1710.24";"2192"
"1175";"167125.26681";"1708.366741";"1017";"2440.8";"1708.56";"2192"
"1176";"167406.967131";"1707.340324";"1017";"2440.8";"1708.56";"2193"
"1177";"167688.667452";"1706.313907";"1016";"2438.4";"1706.88";"2193"
"1178";"167970.367772";"1705.28749";"1016";"2438.4";"1706.88";"2194"
"1179";"168252.068093";"1704.261072";"1015";"2436";"1705.2";"2194"
"1180";"168533.768414";"1703.234655";"1014";"2433.6";"1703.52";"2194"
"1181";"168815.468734";"1702.208238";"1014";"2433.6";"1703.52";"2195"
"1182";"169097.169055";"1701.181821";"1013";"2431.2";"1701.84";"2195"
"1183";"169378.869376";"1700.155403";"1012";"2428.8";"1700.16";"2195"
"1184";"169660.569697";"1699.128986";"1012";"2428.8";"1700.16";"2196"
"1185";"169942.270017";"1698.102569";"1011";"2426.4";"1698.48";"2196"
"1186";"170223.970338";"1697.076152";"1011";"2426.4";"1698.48";"2197"
"1187";"170505.670659";"1696.049734";"1010";"2424";"1696.8";"2197"
"1188";"170787.370979";"1695.397366";"1010";"2424";"1696.8";"2198"
"1189";"171069.0713";"1695.0187";"1009";"2421.6";"1695.12";"2198"
"1190";"171350.771621";"1694.640034";"1009";"2421.6";"1695.12";"2199"
"1191";"171632.471941";"1694.261369";"1009";"2421.6";"1695.12";"2200"
"1192";"171914.172262";"1693.882703";"1009";"2421.6";"1695.12";"2201"
"1193";"172195.872583";"1693.504038";"1009";"2421.6";"1695.12";"2202"
"1194";"172477.572903";"1693.125372";"1008";"2419.2";"1693.44";"2202"
"1195";"172759.273224";"1692.746707";"1008";"2419.2";"1693.44";"2203"
"1196";"173040.973545";"1692.368041";"1008";"2419.2";"1693.44";"2204"
"1197";"173322.673866";"1691.989376";"1008";"2419.2";"1693.44";"2205"
"1198";"173604.374186";"1691.61071";"1007";"2416.8";"1691.76";"2205"
"1199";"173886.074507";"1691.232045";"1007";"2416.8";"1691.76";"2206"
"1200";"174167.774828";"1690.853379";"1007";"2416.8";"1691.76";"2207"
"1201";"174449.475148";"1690.474714";"1007";"2416.8";"1691.76";"2208"
"1202";"174731.175469";"1690.096048";"1007";"2416.8";"1691.76";"2209"
"1203";"175012.87579";"1689.717383";"1006";"2414.4";"1690.08";"2209"
"1204";"175294.57611";"1689.338717";"1006";"2414.4";"1690.08";"2210"
"1205";"175576.276431";"1688.960052";"1006";"2414.4";"1690.08";"2211"
"1206";"175857.976752";"1688.581386";"1006";"2414.4";"1690.08";"2212"
"1207";"176139.677072";"1688.202721";"1005";"2412";"1688.4";"2212"
"1208";"176421.377393";"1687.824055";"1005";"2412";"1688.4";"2213"
"1209";"176703.077714";"1687.44539";"1005";"2412";"1688.4";"2214"
"1210";"176984.778034";"1687.066724";"1005";"2412";"1688.4";"2215"
"1211";"177266.478355";"1686.688059";"1004";"2409.6";"1686.72";"2215"
"1212";"177548.178676";"1686.309393";"1004";"2409.6";"1686.72";"2216"
"1213";"177829.878997";"1685.930728";"1004";"2409.6";"1686.72";"2217"
"1214";"178111.579317";"1685.552062";"1004";"2409.6";"1686.72";"2218"
"1215";"178393.279638";"1685.173397";"1004";"2409.6";"1686.72";"2219"
"1216";"178674.979959";"1684.794731";"1003";"2407.2";"1685.04";"2219"
"1217";"178956.680279";"1684.416066";"1003";"2407.2";"1685.04";"2220"
"1218";"179238.3806";"1684.0374";"1003";"2407.2";"1685.04";"2221"
"1219";"179520.080921";"1683.658734";"1003";"2407.2";"1685.04";"2222"
"1220";"179801.781241";"1683.280069";"1002";"2404.8";"1683.36";"2222"
"1221";"180083.481562";"1682.901403";"1002";"2404.8";"1683.36";"2223"
"1222";"180365.181883";"1682.522738";"1002";"2404.8";"1683.36";"2224"
"1223";"180646.882203";"1682.144072";"1002";"2404.8";"1683.36";"2225"
"1224";"180928.582524";"1681.765407";"1002";"2404.8";"1683.36";"2226"
"1225";"181210.282845";"1681.386741";"1001";"2402.4";"1681.68";"2226"
"1226";"181491.983166";"1681.008076";"1001";"2402.4";"1681.68";"2227"
"1227";"181773.683486";"1680.62941";"1001";"2402.4";"1681.68";"2228"
"1228";"182055.383807";"1680.250745";"1001";"2402.4";"1681.68";"2229"
"1229";"182337.084128";"1679.872079";"1000";"2400";"1680";"2229"
"1230";"182618.784448";"1679.493414";"1000";"2400";"1680";"2230"
"1231";"182900.484769";"1679.114748";"1000";"2400";"1680";"2231"
"1232";"183182.18509";"1678.736083";"1000";"2400";"1680";"2232"
"1233";"183463.88541";"1678.357417";"1000";"2400";"1680";"2233"
"1234";"183745.585731";"1677.978752";"999";"2397.6";"1678.32";"2233"
"1235";"184027.286052";"1677.600086";"999";"2397.6";"1678.32";"2234"
"1236";"184308.986372";"1677.221421";"999";"2397.6";"1678.32";"2235"
"1237";"184590.686693";"1676.842755";"999";"2397.6";"1678.32";"2236"
"1238";"184872.387014";"1676.46409";"998";"2395.2";"1676.64";"2236"
"1239";"185154.087334";"1676.085424";"998";"2395.2";"1676.64";"2237"
"1240";"185435.787655";"1675.706759";"998";"2395.2";"1676.64";"2238"
"1241";"185717.487976";"1675.328093";"998";"2395.2";"1676.64";"2239"
"1242";"185999.188297";"1674.949428";"997";"2392.8";"1674.96";"2239"
"1243";"186280.888617";"1674.570762";"997";"2392.8";"1674.96";"2240"
"1244";"186562.588938";"1674.192097";"997";"2392.8";"1674.96";"2241"
"1245";"186844.289259";"1673.813431";"997";"2392.8";"1674.96";"2242"
"1246";"187125.989579";"1673.434766";"997";"2392.8";"1674.96";"2243"
"1247";"187407.6899";"1673.0561";"996";"2390.4";"1673.28";"2243"
"1248";"187689.390221";"1672.677434";"996";"2390.4";"1673.28";"2244"
"1249";"187971.090541";"1672.298769";"996";"2390.4";"1673.28";"2245"
"1250";"188252.790862";"1671.920103";"996";"2390.4";"1673.28";"2246"
"1251";"188534.491183";"1671.541438";"995";"2388";"1671.6";"2246"
"1252";"188816.191503";"1671.162772";"995";"2388";"1671.6";"2247"
"1253";"189097.891824";"1670.784107";"995";"2388";"1671.6";"2248"
"1254";"189379.592145";"1670.405441";"995";"2388";"1671.6";"2249"
"1255";"189661.292466";"1670.026776";"995";"2388";"1671.6";"2250"
"1256";"189942.992786";"1669.64811";"994";"2385.6";"1669.92";"2250"
"1257";"190224.693107";"1669.269445";"994";"2385.6";"1669.92";"2251"
"1258";"190506.393428";"1668.890779";"994";"2385.6";"1669.92";"2252"
"1259";"190788.093748";"1668.512114";"994";"2385.6";"1669.92";"2253"
"1260";"191069.794069";"1668.133448";"993";"2383.2";"1668.24";"2253"
"1261";"191351.49439";"1667.754783";"993";"2383.2";"1668.24";"2254"
"1262";"191633.19471";"1667.376117";"993";"2383.2";"1668.24";"2255"
"1263";"191914.895031";"1666.997452";"993";"2383.2";"1668.24";"2256"
"1264";"192196.595352";"1666.618786";"993";"2383.2";"1668.24";"2257"
"1265";"192478.295672";"1666.240121";"992";"2380.8";"1666.56";"2257"
"1266";"192759.995993";"1665.861455";"992";"2380.8";"1666.56";"2258"
"1267";"193041.696314";"1665.48279";"992";"2380.8";"1666.56";"2259"
"1268";"193323.396634";"1665.104124";"992";"2380.8";"1666.56";"2260"
"1269";"193605.096955";"1664.725459";"991";"2378.4";"1664.88";"2260"
"1270";"193886.797276";"1664.346793";"991";"2378.4";"1664.88";"2261"
"1271";"194168.497597";"1663.968128";"991";"2378.4";"1664.88";"2262"
"1272";"194450.197917";"1663.589462";"991";"2378.4";"1664.88";"2263"
"1273";"194731.898238";"1663.210797";"991";"2378.4";"1664.88";"2264"
"1274";"195013.598559";"1662.832131";"990";"2376";"1663.2";"2264"
"1275";"195295.298879";"1662.453466";"990";"2376";"1663.2";"2265"
"1276";"195576.9992";"1662.0748";"990";"2376";"1663.2";"2266"
"1277";"195858.699521";"1661.696134";"990";"2376";"1663.2";"2267"
"1278";"196140.399841";"1661.317469";"989";"2373.6";"1661.52";"2267"
"1279";"196422.100162";"1660.938803";"989";"2373.6";"1661.52";"2268"
"1280";"196703.800483";"1660.560138";"989";"2373.6";"1661.52";"2269"
"1281";"196985.500803";"1660.181472";"989";"2373.6";"1661.52";"2270"
"1282";"197267.201124";"1659.802807";"988";"2371.2";"1659.84";"2270"
"1283";"197548.901445";"1659.424141";"988";"2371.2";"1659.84";"2271"
"1284";"197830.601766";"1659.045476";"988";"2371.2";"1659.84";"2272"
"1285";"198112.302086";"1658.66681";"988";"2371.2";"1659.84";"2273"
"1286";"198394.002407";"1658.288145";"988";"2371.2";"1659.84";"2274"
"1287";"198675.702728";"1657.909479";"987";"2368.8";"1658.16";"2274"
"1288";"198957.403048";"1657.530814";"987";"2368.8";"1658.16";"2275"
"1289";"199239.103369";"1657.152148";"987";"2368.8";"1658.16";"2276"
"1290";"199520.80369";"1656.773483";"987";"2368.8";"1658.16";"2277"
"1291";"199802.50401";"1656.394817";"986";"2366.4";"1656.48";"2277"
"1292";"200084.204331";"1656.016152";"986";"2366.4";"1656.48";"2278"
"1293";"200365.904652";"1655.637486";"986";"2366.4";"1656.48";"2279"
"1294";"200647.604972";"1655.258821";"986";"2366.4";"1656.48";"2280"
"1295";"200929.305293";"1654.880155";"986";"2366.4";"1656.48";"2281"
"1296";"201211.005614";"1654.50149";"985";"2364";"1654.8";"2281"
"1297";"201492.705934";"1654.122824";"985";"2364";"1654.8";"2282"
"1298";"201774.406255";"1653.744159";"985";"2364";"1654.8";"2283"
"1299";"202056.106576";"1653.365493";"985";"2364";"1654.8";"2284"
"1300";"202337.806897";"1652.986828";"984";"2361.6";"1653.12";"2284"
"1301";"202619.507217";"1652.608162";"984";"2361.6";"1653.12";"2285"
"1302";"202901.207538";"1652.229497";"984";"2361.6";"1653.12";"2286"
"1303";"203182.907859";"1651.850831";"984";"2361.6";"1653.12";"2287"
"1304";"203464.608179";"1651.472166";"984";"2361.6";"1653.12";"2288"
"1305";"203746.3085";"1651.0935";"983";"2359.2";"1651.44";"2288"
"1306";"204028.008821";"1650.714834";"983";"2359.2";"1651.44";"2289"
"1307";"204309.709141";"1650.336169";"983";"2359.2";"1651.44";"2290"
"1308";"204591.409462";"1649.957503";"983";"2359.2";"1651.44";"2291"
"1309";"204873.109783";"1649.578838";"982";"2356.8";"1649.76";"2291"
"1310";"205154.810103";"1649.200172";"982";"2356.8";"1649.76";"2292"
"1311";"205436.510424";"1648.821507";"982";"2356.8";"1649.76";"2293"
"1312";"205718.210745";"1648.442841";"982";"2356.8";"1649.76";"2294"
"1313";"205999.911066";"1648.064176";"981";"2354.4";"1648.08";"2294"
"1314";"206281.611386";"1647.68551";"981";"2354.4";"1648.08";"2295"
"1315";"206563.311707";"1647.306845";"981";"2354.4";"1648.08";"2296"
"1316";"206845.012028";"1646.928179";"981";"2354.4";"1648.08";"2297"
"1317";"207126.712348";"1646.549514";"981";"2354.4";"1648.08";"2298"
"1318";"207408.412669";"1646.170848";"980";"2352";"1646.4";"2298"
"1319";"207690.11299";"1645.792183";"980";"2352";"1646.4";"2299"
"1320";"207971.81331";"1645.413517";"980";"2352";"1646.4";"2300"
"1321";"208253.513631";"1645.034852";"980";"2352";"1646.4";"2301"
"1322";"208535.213952";"1644.656186";"979";"2349.6";"1644.72";"2301"
"1323";"208816.914272";"1644.277521";"979";"2349.6";"1644.72";"2302"
"1324";"209098.614593";"1643.898855";"979";"2349.6";"1644.72";"2303"
"1325";"209380.314914";"1643.52019";"979";"2349.6";"1644.72";"2304"
"1326";"209662.015234";"1643.141524";"979";"2349.6";"1644.72";"2305"
"1327";"209943.715555";"1642.762859";"978";"2347.2";"1643.04";"2305"
"1328";"210225.415876";"1642.384193";"978";"2347.2";"1643.04";"2306"
"1329";"210507.116197";"1642.005528";"978";"2347.2";"1643.04";"2307"
"1330";"210788.816517";"1641.626862";"978";"2347.2";"1643.04";"2308"
"1331";"211070.516838";"1641.248197";"977";"2344.8";"1641.36";"2308"
"1332";"211352.217159";"1640.869531";"977";"2344.8";"1641.36";"2309"
"1333";"211633.917479";"1640.490866";"977";"2344.8";"1641.36";"2310"
"1334";"211915.6178";"1640.1122";"977";"2344.8";"1641.36";"2311"
"1335";"212197.318121";"1639.733534";"977";"2344.8";"1641.36";"2312"
"1336";"212479.018441";"1639.354869";"976";"2342.4";"1639.68";"2312"
"1337";"212760.718762";"1638.976203";"976";"2342.4";"1639.68";"2313"
"1338";"213042.419083";"1638.597538";"976";"2342.4";"1639.68";"2314"
"1339";"213324.119403";"1638.218872";"976";"2342.4";"1639.68";"2315"
"1340";"213605.819724";"1637.840207";"975";"2340";"1638";"2315"
"1341";"213887.520045";"1637.461541";"975";"2340";"1638";"2316"
"1342";"214169.220366";"1637.082876";"975";"2340";"1638";"2317"
"1343";"214450.920686";"1636.70421";"975";"2340";"1638";"2318"
"1344";"214732.621007";"1636.325545";"975";"2340";"1638";"2319"
"1345";"215014.321328";"1635.946879";"974";"2337.6";"1636.32";"2319"
"1346";"215296.021648";"1635.568214";"974";"2337.6";"1636.32";"2320"
"1347";"215577.721969";"1635.189548";"974";"2337.6";"1636.32";"2321"
"1348";"215859.42229";"1634.810883";"974";"2337.6";"1636.32";"2322"
"1349";"216141.12261";"1634.432217";"973";"2335.2";"1634.64";"2322"
"1350";"216422.822931";"1634.053552";"973";"2335.2";"1634.64";"2323"
"1351";"216704.523252";"1633.674886";"973";"2335.2";"1634.64";"2324"
"1352";"216986.223572";"1633.296221";"973";"2335.2";"1634.64";"2325"
"1353";"217267.923893";"1632.917555";"972";"2332.8";"1632.96";"2325"
"1354";"217549.624214";"1632.53889";"972";"2332.8";"1632.96";"2326"
"1355";"217831.324534";"1632.160224";"972";"2332.8";"1632.96";"2327"
"1356";"218113.024855";"1631.781559";"972";"2332.8";"1632.96";"2328"
"1357";"218394.725176";"1631.402893";"972";"2332.8";"1632.96";"2329"
"1358";"218676.425497";"1631.024228";"971";"2330.4";"1631.28";"2329"
"1359";"218958.125817";"1630.645562";"971";"2330.4";"1631.28";"2330"
"1360";"219239.826138";"1630.266897";"971";"2330.4";"1631.28";"2331"
"1361";"219521.526459";"1629.888231";"971";"2330.4";"1631.28";"2332"
"1362";"219803.226779";"1629.509566";"970";"2328";"1629.6";"2332"
"1363";"220084.9271";"1629.1309";"970";"2328";"1629.6";"2333"
"1364";"220366.627421";"1628.752234";"970";"2328";"1629.6";"2334"
"1365";"220648.327741";"1628.373569";"970";"2328";"1629.6";"2335"
"1366";"220930.028062";"1627.994903";"970";"2328";"1629.6";"2336"
"1367";"221211.728383";"1627.616238";"969";"2325.6";"1627.92";"2336"
"1368";"221493.428703";"1627.237572";"969";"2325.6";"1627.92";"2337"
"1369";"221775.129024";"1626.858907";"969";"2325.6";"1627.92";"2338"
"1370";"222056.829345";"1626.480241";"969";"2325.6";"1627.92";"2339"
"1371";"222338.529666";"1626.101576";"968";"2323.2";"1626.24";"2339"
"1372";"222620.229986";"1625.72291";"968";"2323.2";"1626.24";"2340"
"1373";"222901.930307";"1625.344245";"968";"2323.2";"1626.24";"2341"
"1374";"223183.630628";"1624.965579";"968";"2323.2";"1626.24";"2342"
"1375";"223465.330948";"1624.586914";"968";"2323.2";"1626.24";"2343"
"1376";"223747.031269";"1624.208248";"967";"2320.8";"1624.56";"2343"
"1377";"224028.73159";"1623.829583";"967";"2320.8";"1624.56";"2344"
"1378";"224310.43191";"1623.450917";"967";"2320.8";"1624.56";"2345"
"1379";"224592.132231";"1623.072252";"967";"2320.8";"1624.56";"2346"
"1380";"224873.832552";"1622.693586";"966";"2318.4";"1622.88";"2346"
"1381";"225155.532872";"1622.314921";"966";"2318.4";"1622.88";"2347"
"1382";"225437.233193";"1621.936255";"966";"2318.4";"1622.88";"2348"
"1383";"225718.933514";"1621.55759";"966";"2318.4";"1622.88";"2349"
"1384";"226000.633834";"1621.178924";"965";"2316";"1621.2";"2349"
"1385";"226282.334155";"1620.800259";"965";"2316";"1621.2";"2350"
"1386";"226564.034476";"1620.421593";"965";"2316";"1621.2";"2351"
"1387";"226845.734797";"1620.042928";"965";"2316";"1621.2";"2352"
"1388";"227127.435117";"1619.664262";"965";"2316";"1621.2";"2353"
"1389";"227409.135438";"1619.285597";"964";"2313.6";"1619.52";"2353"
"1390";"227690.835759";"1618.906931";"964";"2313.6";"1619.52";"2354"
"1391";"227972.536079";"1618.528266";"964";"2313.6";"1619.52";"2355"
"1392";"228254.2364";"1618.1496";"964";"2313.6";"1619.52";"2356"
"1393";"228535.936721";"1617.770934";"963";"2311.2";"1617.84";"2356"
"1394";"228817.637041";"1617.392269";"963";"2311.2";"1617.84";"2357"
"1395";"229099.337362";"1617.013603";"963";"2311.2";"1617.84";"2358"
"1396";"229381.037683";"1616.634938";"963";"2311.2";"1617.84";"2359"
"1397";"229662.738003";"1616.256272";"963";"2311.2";"1617.84";"2360"
"1398";"229944.438324";"1615.877607";"962";"2308.8";"1616.16";"2360"
"1399";"230226.138645";"1615.498941";"962";"2308.8";"1616.16";"2361"
"1400";"230507.838966";"1615.120276";"962";"2308.8";"1616.16";"2362"
"1401";"230789.539286";"1614.74161";"962";"2308.8";"1616.16";"2363"
"1402";"231071.239607";"1614.362945";"961";"2306.4";"1614.48";"2363"
"1403";"231352.939928";"1613.984279";"961";"2306.4";"1614.48";"2364"
"1404";"231634.640248";"1613.605614";"961";"2306.4";"1614.48";"2365"
"1405";"231916.340569";"1613.226948";"961";"2306.4";"1614.48";"2366"
"1406";"232198.04089";"1612.848283";"961";"2306.4";"1614.48";"2367"
"1407";"232479.74121";"1612.469617";"960";"2304";"1612.8";"2367"
"1408";"232761.441531";"1612.090952";"960";"2304";"1612.8";"2368"
"1409";"233043.141852";"1611.712286";"960";"2304";"1612.8";"2369"
"1410";"233324.842172";"1611.333621";"960";"2304";"1612.8";"2370"
"1411";"233606.542493";"1610.954955";"959";"2301.6";"1611.12";"2370"
"1412";"233888.242814";"1610.57629";"959";"2301.6";"1611.12";"2371"
"1413";"234169.943134";"1610.197624";"959";"2301.6";"1611.12";"2372"
"1414";"234451.643455";"1609.818959";"959";"2301.6";"1611.12";"2373"
"1415";"234733.343776";"1609.440293";"959";"2301.6";"1611.12";"2374"
"1416";"235015.044097";"1609.061628";"958";"2299.2";"1609.44";"2374"
"1417";"235296.744417";"1608.682962";"958";"2299.2";"1609.44";"2375"
"1418";"235578.444738";"1608.304297";"958";"2299.2";"1609.44";"2376"
"1419";"235860.145059";"1607.925631";"958";"2299.2";"1609.44";"2377"
"1420";"236141.845379";"1607.546966";"957";"2296.8";"1607.76";"2377"
"1421";"236423.5457";"1607.1683";"957";"2296.8";"1607.76";"2378"
"1422";"236705.246021";"1606.789634";"957";"2296.8";"1607.76";"2379"
"1423";"236986.946341";"1606.410969";"957";"2296.8";"1607.76";"2380"
"1424";"237268.646662";"1606.032303";"956";"2294.4";"1606.08";"2380"
"1425";"237550.346983";"1605.653638";"956";"2294.4";"1606.08";"2381"
"1426";"237832.047303";"1605.274972";"956";"2294.4";"1606.08";"2382"
"1427";"238113.747624";"1604.896307";"956";"2294.4";"1606.08";"2383"
"1428";"238395.447945";"1604.517641";"956";"2294.4";"1606.08";"2384"
"1429";"238677.148266";"1604.138976";"955";"2292";"1604.4";"2384"
"1430";"238958.848586";"1603.76031";"955";"2292";"1604.4";"2385"
"1431";"239240.548907";"1603.381645";"955";"2292";"1604.4";"2386"
"1432";"239522.249228";"1603.002979";"955";"2292";"1604.4";"2387"
"1433";"239803.949548";"1602.624314";"954";"2289.6";"1602.72";"2387"
"1434";"240085.649869";"1602.245648";"954";"2289.6";"1602.72";"2388"
"1435";"240367.35019";"1601.866983";"954";"2289.6";"1602.72";"2389"
"1436";"240649.05051";"1601.488317";"954";"2289.6";"1602.72";"2390"
"1437";"240930.750831";"1601.109652";"954";"2289.6";"1602.72";"2391"
"1438";"241212.451152";"1600.730986";"953";"2287.2";"1601.04";"2391"
"1439";"241494.151472";"1600.352321";"953";"2287.2";"1601.04";"2392"
"1440";"241775.851793";"1599.973655";"953";"2287.2";"1601.04";"2393"
"1441";"242057.552114";"1599.59499";"953";"2287.2";"1601.04";"2394"
"1442";"242339.252434";"1599.216324";"952";"2284.8";"1599.36";"2394"
"1443";"242620.952755";"1598.837659";"952";"2284.8";"1599.36";"2395"
"1444";"242902.653076";"1598.458993";"952";"2284.8";"1599.36";"2396"
"1445";"243184.353397";"1598.080328";"952";"2284.8";"1599.36";"2397"
"1446";"243466.053717";"1597.701662";"952";"2284.8";"1599.36";"2398"
"1447";"243747.754038";"1597.322997";"951";"2282.4";"1597.68";"2398"
"1448";"244029.454359";"1596.944331";"951";"2282.4";"1597.68";"2399"
"1449";"244311.154679";"1596.565666";"951";"2282.4";"1597.68";"2400"
"1450";"244592.855";"1596.187";"951";"2282.4";"1597.68";"2401"
"1451";"244874.555321";"1595.808334";"950";"2280";"1596";"2401"
"1452";"245156.255641";"1595.429669";"950";"2280";"1596";"2402"
"1453";"245437.955962";"1595.051003";"950";"2280";"1596";"2403"
"1454";"245719.656283";"1594.672338";"950";"2280";"1596";"2404"
"1455";"246001.356603";"1594.293672";"949";"2277.6";"1594.32";"2404"
"1456";"246283.056924";"1593.915007";"949";"2277.6";"1594.32";"2405"
"1457";"246564.757245";"1593.536341";"949";"2277.6";"1594.32";"2406"
"1458";"246846.457566";"1593.157676";"949";"2277.6";"1594.32";"2407"
"1459";"247128.157886";"1592.77901";"949";"2277.6";"1594.32";"2408"
"1460";"247409.858207";"1592.400345";"948";"2275.2";"1592.64";"2408"
"1461";"247691.558528";"1592.021679";"948";"2275.2";"1592.64";"2409"
"1462";"247973.258848";"1591.643014";"948";"2275.2";"1592.64";"2410"
"1463";"248254.959169";"1591.264348";"948";"2275.2";"1592.64";"2411"
"1464";"248536.65949";"1590.885683";"947";"2272.8";"1590.96";"2411"
"1465";"248818.35981";"1590.507017";"947";"2272.8";"1590.96";"2412"
"1466";"249100.060131";"1590.128352";"947";"2272.8";"1590.96";"2413"
"1467";"249381.760452";"1589.749686";"947";"2272.8";"1590.96";"2414"
"1468";"249663.460772";"1589.371021";"947";"2272.8";"1590.96";"2415"
"1469";"249945.161093";"1588.992355";"946";"2270.4";"1589.28";"2415"
"1470";"250226.861414";"1588.61369";"946";"2270.4";"1589.28";"2416"
"1471";"250508.561734";"1588.235024";"946";"2270.4";"1589.28";"2417"
"1472";"250790.262055";"1587.856359";"946";"2270.4";"1589.28";"2418"
"1473";"251071.962376";"1587.477693";"945";"2268";"1587.6";"2418"
"1474";"251353.662697";"1587.099028";"945";"2268";"1587.6";"2419"
"1475";"251635.363017";"1586.720362";"945";"2268";"1587.6";"2420"
"1476";"251917.063338";"1586.341697";"945";"2268";"1587.6";"2421"
"1477";"252198.763659";"1585.963031";"945";"2268";"1587.6";"2422"
"1478";"252480.463979";"1585.584366";"944";"2265.6";"1585.92";"2422"
"1479";"252762.1643";"1585.2057";"944";"2265.6";"1585.92";"2423"
"1480";"253043.864621";"1584.827034";"944";"2265.6";"1585.92";"2424"
"1481";"253325.564941";"1584.448369";"944";"2265.6";"1585.92";"2425"
"1482";"253607.265262";"1584.069703";"943";"2263.2";"1584.24";"2425"
"1483";"253888.965583";"1583.691038";"943";"2263.2";"1584.24";"2426"
"1484";"254170.665903";"1583.312372";"943";"2263.2";"1584.24";"2427"
"1485";"254452.366224";"1582.933707";"943";"2263.2";"1584.24";"2428"
"1486";"254734.066545";"1582.555041";"942";"2260.8";"1582.56";"2428"
"1487";"255015.766866";"1582.176376";"942";"2260.8";"1582.56";"2429"
"1488";"255297.467186";"1581.79771";"942";"2260.8";"1582.56";"2430"
"1489";"255579.167507";"1581.419045";"942";"2260.8";"1582.56";"2431"
"1490";"255860.867828";"1581.040379";"942";"2260.8";"1582.56";"2432"
"1491";"256142.568148";"1580.661714";"941";"2258.4";"1580.88";"2432"
"1492";"256424.268469";"1580.283048";"941";"2258.4";"1580.88";"2433"
"1493";"256705.96879";"1579.904383";"941";"2258.4";"1580.88";"2434"
"1494";"256987.66911";"1579.525717";"941";"2258.4";"1580.88";"2435"
"1495";"257269.369431";"1579.147052";"940";"2256";"1579.2";"2435"
"1496";"257551.069752";"1578.768386";"940";"2256";"1579.2";"2436"
"1497";"257832.770072";"1578.389721";"940";"2256";"1579.2";"2437"
"1498";"258114.470393";"1578.011055";"940";"2256";"1579.2";"2438"
"1499";"258396.170714";"1577.63239";"940";"2256";"1579.2";"2439"
"1500";"258677.871034";"1577.253724";"939";"2253.6";"1577.52";"2439"
"1501";"258959.571355";"1576.875059";"939";"2253.6";"1577.52";"2440"
"1502";"259241.271676";"1576.496393";"939";"2253.6";"1577.52";"2441"
"1503";"259522.971997";"1576.117728";"939";"2253.6";"1577.52";"2442"
"1504";"259804.672317";"1575.739062";"938";"2251.2";"1575.84";"2442"
"1505";"260086.372638";"1575.360397";"938";"2251.2";"1575.84";"2443"
"1506";"260368.072959";"1574.981731";"938";"2251.2";"1575.84";"2444"
"1507";"260649.773279";"1574.603066";"938";"2251.2";"1575.84";"2445"
"1508";"260931.4736";"1574.2244";"938";"2251.2";"1575.84";"2446"
"1509";"261213.173921";"1573.845734";"937";"2248.8";"1574.16";"2446"
"1510";"261494.874241";"1573.467069";"937";"2248.8";"1574.16";"2447"
"1511";"261776.574562";"1573.088403";"937";"2248.8";"1574.16";"2448"
"1512";"262058.274883";"1572.709738";"937";"2248.8";"1574.16";"2449"
"1513";"262339.975203";"1572.331072";"936";"2246.4";"1572.48";"2449"
"1514";"262621.675524";"1571.952407";"936";"2246.4";"1572.48";"2450"
"1515";"262903.375845";"1571.573741";"936";"2246.4";"1572.48";"2451"
"1516";"263185.076166";"1571.195076";"936";"2246.4";"1572.48";"2452"
"1517";"263466.776486";"1570.81641";"936";"2246.4";"1572.48";"2453"
"1518";"263748.476807";"1570.437745";"935";"2244";"1570.8";"2453"
"1519";"264030.177128";"1570.059079";"935";"2244";"1570.8";"2454"
"1520";"264311.877448";"1569.680414";"935";"2244";"1570.8";"2455"
"1521";"264593.577769";"1569.301748";"935";"2244";"1570.8";"2456"
"1522";"264875.27809";"1568.923083";"934";"2241.6";"1569.12";"2456"
"1523";"265156.97841";"1568.544417";"934";"2241.6";"1569.12";"2457"
"1524";"265438.678731";"1568.165752";"934";"2241.6";"1569.12";"2458"
"1525";"265720.379052";"1567.787086";"934";"2241.6";"1569.12";"2459"
"1526";"266002.079372";"1567.408421";"933";"2239.2";"1567.44";"2459"
"1527";"266283.779693";"1567.029755";"933";"2239.2";"1567.44";"2460"
"1528";"266565.480014";"1566.65109";"933";"2239.2";"1567.44";"2461"
"1529";"266847.180334";"1566.272424";"933";"2239.2";"1567.44";"2462"
"1530";"267128.880655";"1565.893759";"933";"2239.2";"1567.44";"2463"
"1531";"267410.580976";"1565.515093";"932";"2236.8";"1565.76";"2463"
"1532";"267692.281297";"1565.136428";"932";"2236.8";"1565.76";"2464"
"1533";"267973.981617";"1564.757762";"932";"2236.8";"1565.76";"2465"
"1534";"268255.681938";"1564.379097";"932";"2236.8";"1565.76";"2466"
"1535";"268537.382259";"1564.000431";"931";"2234.4";"1564.08";"2466"
"1536";"268819.082579";"1563.621766";"931";"2234.4";"1564.08";"2467"
"1537";"269100.7829";"1563.2431";"931";"2234.4";"1564.08";"2468"
"1538";"269382.483221";"1562.864434";"931";"2234.4";"1564.08";"2469"
"1539";"269664.183541";"1562.485769";"931";"2234.4";"1564.08";"2470"
"1540";"269945.883862";"1562.107103";"930";"2232";"1562.4";"2470"
"1541";"270227.584183";"1561.728438";"930";"2232";"1562.4";"2471"
"1542";"270509.284503";"1561.349772";"930";"2232";"1562.4";"2472"
"1543";"270790.984824";"1560.971107";"930";"2232";"1562.4";"2473"
"1544";"271072.685145";"1560.592441";"929";"2229.6";"1560.72";"2473"
"1545";"271354.385466";"1560.213776";"929";"2229.6";"1560.72";"2474"
"1546";"271636.085786";"1559.83511";"929";"2229.6";"1560.72";"2475"
"1547";"271917.786107";"1559.456445";"929";"2229.6";"1560.72";"2476"
"1548";"272199.486428";"1559.077779";"929";"2229.6";"1560.72";"2477"
"1549";"272481.186748";"1558.699114";"928";"2227.2";"1559.04";"2477"
"1550";"272762.887069";"1558.320448";"928";"2227.2";"1559.04";"2478"
"1551";"273044.58739";"1557.941783";"928";"2227.2";"1559.04";"2479"
"1552";"273326.28771";"1557.563117";"928";"2227.2";"1559.04";"2480"
"1553";"273607.988031";"1557.184452";"927";"2224.8";"1557.36";"2480"
"1554";"273889.688352";"1556.805786";"927";"2224.8";"1557.36";"2481"
"1555";"274171.388672";"1556.427121";"927";"2224.8";"1557.36";"2482"
"1556";"274453.088993";"1556.048455";"927";"2224.8";"1557.36";"2483"
"1557";"274734.789314";"1555.66979";"926";"2222.4";"1555.68";"2483"
"1558";"275016.489634";"1555.291124";"926";"2222.4";"1555.68";"2484"
"1559";"275298.189955";"1554.912459";"926";"2222.4";"1555.68";"2485"
"1560";"275579.890276";"1554.533793";"926";"2222.4";"1555.68";"2486"
"1561";"275861.590597";"1554.155128";"926";"2222.4";"1555.68";"2487"
"1562";"276143.290917";"1553.776462";"925";"2220";"1554";"2487"
"1563";"276424.991238";"1553.397797";"925";"2220";"1554";"2488"
"1564";"276706.691559";"1553.019131";"925";"2220";"1554";"2489"
"1565";"276988.391879";"1552.640466";"925";"2220";"1554";"2490"
"1566";"277270.0922";"1552.2618";"924";"2217.6";"1552.32";"2490"
"1567";"277551.792521";"1551.883134";"924";"2217.6";"1552.32";"2491"
"1568";"277833.492841";"1551.504469";"924";"2217.6";"1552.32";"2492"
"1569";"278115.193162";"1551.125803";"924";"2217.6";"1552.32";"2493"
"1570";"278396.893483";"1550.747138";"924";"2217.6";"1552.32";"2494"
"1571";"278678.593803";"1550.368472";"923";"2215.2";"1550.64";"2494"
"1572";"278960.294124";"1549.989807";"923";"2215.2";"1550.64";"2495"
"1573";"279241.994445";"1549.611141";"923";"2215.2";"1550.64";"2496"
"1574";"279523.694766";"1549.232476";"923";"2215.2";"1550.64";"2497"
"1575";"279805.395086";"1548.85381";"922";"2212.8";"1548.96";"2497"
"1576";"280087.095407";"1548.475145";"922";"2212.8";"1548.96";"2498"
"1577";"280368.795728";"1548.096479";"922";"2212.8";"1548.96";"2499"
"1578";"280650.496048";"1547.717814";"922";"2212.8";"1548.96";"2500"
"1579";"280932.196369";"1547.339148";"922";"2212.8";"1548.96";"2501"
"1580";"281213.89669";"1546.960483";"921";"2210.4";"1547.28";"2501"
"1581";"281495.59701";"1546.581817";"921";"2210.4";"1547.28";"2502"
"1582";"281777.297331";"1546.203152";"921";"2210.4";"1547.28";"2503"
"1583";"282058.997652";"1545.824486";"921";"2210.4";"1547.28";"2504"
"1584";"282340.697972";"1545.445821";"920";"2208";"1545.6";"2504"
"1585";"282622.398293";"1545.067155";"920";"2208";"1545.6";"2505"
"1586";"282904.098614";"1544.68849";"920";"2208";"1545.6";"2506"
"1587";"283185.798934";"1544.309824";"920";"2208";"1545.6";"2507"
"1588";"283467.499255";"1543.931159";"920";"2208";"1545.6";"2508"
"1589";"283749.199576";"1543.552493";"919";"2205.6";"1543.92";"2508"
"1590";"284030.899897";"1543.173828";"919";"2205.6";"1543.92";"2509"
"1591";"284312.600217";"1542.795162";"919";"2205.6";"1543.92";"2510"
"1592";"284594.300538";"1542.416497";"919";"2205.6";"1543.92";"2511"
"1593";"284876.000859";"1542.037831";"918";"2203.2";"1542.24";"2511"
"1594";"285157.701179";"1541.659166";"918";"2203.2";"1542.24";"2512"
"1595";"285439.4015";"1541.2805";"918";"2203.2";"1542.24";"2513"
"1596";"285721.101821";"1540.901834";"918";"2203.2";"1542.24";"2514"
"1597";"286002.802141";"1540.523169";"917";"2200.8";"1540.56";"2514"
"1598";"286284.502462";"1540.144503";"917";"2200.8";"1540.56";"2515"
"1599";"286566.202783";"1539.765838";"917";"2200.8";"1540.56";"2516"
"1600";"286847.903103";"1539.387172";"917";"2200.8";"1540.56";"2517"
"1601";"287129.603424";"1539.008507";"917";"2200.8";"1540.56";"2518"
"1602";"287411.303745";"1538.629841";"916";"2198.4";"1538.88";"2518"
"1603";"287693.004066";"1538.251176";"916";"2198.4";"1538.88";"2519"
"1604";"287974.704386";"1537.87251";"916";"2198.4";"1538.88";"2520"
"1605";"288256.404707";"1537.493845";"916";"2198.4";"1538.88";"2521"
"1606";"288538.105028";"1537.115179";"915";"2196";"1537.2";"2521"
"1607";"288819.805348";"1536.736514";"915";"2196";"1537.2";"2522"
"1608";"289101.505669";"1536.357848";"915";"2196";"1537.2";"2523"
"1609";"289383.20599";"1535.979183";"915";"2196";"1537.2";"2524"
"1610";"289664.90631";"1535.600517";"915";"2196";"1537.2";"2525"
"1611";"289946.606631";"1535.221852";"914";"2193.6";"1535.52";"2525"
"1612";"290228.306952";"1534.843186";"914";"2193.6";"1535.52";"2526"
"1613";"290510.007272";"1534.464521";"914";"2193.6";"1535.52";"2527"
"1614";"290791.707593";"1534.085855";"914";"2193.6";"1535.52";"2528"
"1615";"291073.407914";"1533.70719";"913";"2191.2";"1533.84";"2528"
"1616";"291355.108234";"1533.328524";"913";"2191.2";"1533.84";"2529"
"1617";"291636.808555";"1532.949859";"913";"2191.2";"1533.84";"2530"
"1618";"291918.508876";"1532.571193";"913";"2191.2";"1533.84";"2531"
"1619";"292200.209197";"1532.192528";"913";"2191.2";"1533.84";"2532"
"1620";"292481.909517";"1531.813862";"912";"2188.8";"1532.16";"2532"
"1621";"292763.609838";"1531.435197";"912";"2188.8";"1532.16";"2533"
"1622";"293045.310159";"1531.056531";"912";"2188.8";"1532.16";"2534"
"1623";"293327.010479";"1530.677866";"912";"2188.8";"1532.16";"2535"
"1624";"293608.7108";"1530.2992";"911";"2186.4";"1530.48";"2535"
"1625";"293890.411121";"1529.920534";"911";"2186.4";"1530.48";"2536"
"1626";"294172.111441";"1529.541869";"911";"2186.4";"1530.48";"2537"
"1627";"294453.811762";"1529.163203";"911";"2186.4";"1530.48";"2538"
"1628";"294735.512083";"1528.784538";"910";"2184";"1528.8";"2538"
"1629";"295017.212403";"1528.405872";"910";"2184";"1528.8";"2539"
"1630";"295298.912724";"1528.027207";"910";"2184";"1528.8";"2540"
"1631";"295580.613045";"1527.648541";"910";"2184";"1528.8";"2541"
"1632";"295862.313366";"1527.269876";"910";"2184";"1528.8";"2542"
"1633";"296144.013686";"1526.89121";"909";"2181.6";"1527.12";"2542"
"1634";"296425.714007";"1526.512545";"909";"2181.6";"1527.12";"2543"
"1635";"296707.414328";"1526.133879";"909";"2181.6";"1527.12";"2544"
"1636";"296989.114648";"1525.755214";"909";"2181.6";"1527.12";"2545"
"1637";"297270.814969";"1525.376548";"908";"2179.2";"1525.44";"2545"
"1638";"297552.51529";"1524.997883";"908";"2179.2";"1525.44";"2546"
"1639";"297834.21561";"1524.619217";"908";"2179.2";"1525.44";"2547"
"1640";"298115.915931";"1524.240552";"908";"2179.2";"1525.44";"2548"
"1641";"298397.616252";"1523.861886";"908";"2179.2";"1525.44";"2549"
"1642";"298679.316572";"1523.483221";"907";"2176.8";"1523.76";"2549"
"1643";"298961.016893";"1523.104555";"907";"2176.8";"1523.76";"2550"
"1644";"299242.717214";"1522.72589";"907";"2176.8";"1523.76";"2551"
"1645";"299524.417534";"1522.347224";"907";"2176.8";"1523.76";"2552"
"1646";"299806.117855";"1521.968559";"906";"2174.4";"1522.08";"2552"
"1647";"300087.818176";"1521.589893";"906";"2174.4";"1522.08";"2553"
"1648";"300369.518497";"1521.211228";"906";"2174.4";"1522.08";"2554"
"1649";"300651.218817";"1520.832562";"906";"2174.4";"1522.08";"2555"
"1650";"300932.919138";"1520.453897";"906";"2174.4";"1522.08";"2556"
"1651";"301214.619459";"1520.075231";"905";"2172";"1520.4";"2556"
"1652";"301496.319779";"1519.696566";"905";"2172";"1520.4";"2557"
"1653";"301778.0201";"1519.3179";"905";"2172";"1520.4";"2558"
"1654";"302059.720421";"1518.939234";"905";"2172";"1520.4";"2559"
"1655";"302341.420741";"1518.560569";"904";"2169.6";"1518.72";"2559"
"1656";"302623.121062";"1518.181903";"904";"2169.6";"1518.72";"2560"
"1657";"302904.821383";"1517.803238";"904";"2169.6";"1518.72";"2561"
"1658";"303186.521703";"1517.424572";"904";"2169.6";"1518.72";"2562"
"1659";"303468.222024";"1517.045907";"904";"2169.6";"1518.72";"2563"
"1660";"303749.922345";"1516.667241";"903";"2167.2";"1517.04";"2563"
"1661";"304031.622666";"1516.288576";"903";"2167.2";"1517.04";"2564"
"1662";"304313.322986";"1515.90991";"903";"2167.2";"1517.04";"2565"
"1663";"304595.023307";"1515.531245";"903";"2167.2";"1517.04";"2566"
"1664";"304876.723628";"1515.152579";"902";"2164.8";"1515.36";"2566"
"1665";"305158.423948";"1514.773914";"902";"2164.8";"1515.36";"2567"
"1666";"305440.124269";"1514.395248";"902";"2164.8";"1515.36";"2568"
"1667";"305721.82459";"1514.016583";"902";"2164.8";"1515.36";"2569"
"1668";"306003.52491";"1513.637917";"901";"2162.4";"1513.68";"2569"
"1669";"306285.225231";"1513.259252";"901";"2162.4";"1513.68";"2570"
"1670";"306566.925552";"1512.880586";"901";"2162.4";"1513.68";"2571"
"1671";"306848.625872";"1512.501921";"901";"2162.4";"1513.68";"2572"
"1672";"307130.326193";"1512.123255";"901";"2162.4";"1513.68";"2573"
"1673";"307412.026514";"1511.74459";"900";"2160";"1512";"2573"
"1674";"307693.726834";"1511.365924";"900";"2160";"1512";"2574"
"1675";"307975.427155";"1510.987259";"900";"2160";"1512";"2575"
"1676";"308257.127476";"1510.608593";"900";"2160";"1512";"2576"
"1677";"308538.827797";"1510.229928";"899";"2157.6";"1510.32";"2576"
"1678";"308820.528117";"1509.851262";"899";"2157.6";"1510.32";"2577"
"1679";"309102.228438";"1509.472597";"899";"2157.6";"1510.32";"2578"
"1680";"309383.928759";"1509.093931";"899";"2157.6";"1510.32";"2579"
"1681";"309665.629079";"1508.715266";"899";"2157.6";"1510.32";"2580"
"1682";"309947.3294";"1508.3366";"898";"2155.2";"1508.64";"2580"
"1683";"310229.029721";"1507.957934";"898";"2155.2";"1508.64";"2581"
"1684";"310510.730041";"1507.579269";"898";"2155.2";"1508.64";"2582"
"1685";"310792.430362";"1507.200603";"898";"2155.2";"1508.64";"2583"
"1686";"311074.130683";"1506.821938";"897";"2152.8";"1506.96";"2583"
"1687";"311355.831003";"1506.443272";"897";"2152.8";"1506.96";"2584"
"1688";"311637.531324";"1506.064607";"897";"2152.8";"1506.96";"2585"
"1689";"311919.231645";"1505.685941";"897";"2152.8";"1506.96";"2586"
"1690";"312200.931966";"1505.307276";"897";"2152.8";"1506.96";"2587"
"1691";"312482.632286";"1504.92861";"896";"2150.4";"1505.28";"2587"
"1692";"312764.332607";"1504.549945";"896";"2150.4";"1505.28";"2588"
"1693";"313046.032928";"1504.171279";"896";"2150.4";"1505.28";"2589"
"1694";"313327.733248";"1503.792614";"896";"2150.4";"1505.28";"2590"
"1695";"313609.433569";"1503.413948";"895";"2148";"1503.6";"2590"
"1696";"313891.13389";"1503.035283";"895";"2148";"1503.6";"2591"
"1697";"314172.83421";"1502.656617";"895";"2148";"1503.6";"2592"
"1698";"314454.534531";"1502.277952";"895";"2148";"1503.6";"2593"
"1699";"314736.234852";"1501.899286";"894";"2145.6";"1501.92";"2593"
"1700";"315017.935172";"1501.520621";"894";"2145.6";"1501.92";"2594"
"1701";"315299.635493";"1501.141955";"894";"2145.6";"1501.92";"2595"
"1702";"315581.335814";"1500.76329";"894";"2145.6";"1501.92";"2596"
"1703";"315863.036134";"1500.384624";"894";"2145.6";"1501.92";"2597"
"1704";"316144.736455";"1500.005959";"893";"2143.2";"1500.24";"2597"
"1705";"316426.436776";"1499.627293";"893";"2143.2";"1500.24";"2598"
"1706";"316708.137097";"1499.248628";"893";"2143.2";"1500.24";"2599"
"1707";"316989.837417";"1498.869962";"893";"2143.2";"1500.24";"2600"
"1708";"317271.537738";"1498.491297";"892";"2140.8";"1498.56";"2600"
"1709";"317553.238059";"1498.112631";"892";"2140.8";"1498.56";"2601"
"1710";"317834.938379";"1497.733966";"892";"2140.8";"1498.56";"2602"
"1711";"318116.6387";"1497.3553";"892";"2140.8";"1498.56";"2603"
"1712";"318398.339021";"1496.976634";"892";"2140.8";"1498.56";"2604"
"1713";"318680.039341";"1496.597969";"891";"2138.4";"1496.88";"2604"
"1714";"318961.739662";"1496.219303";"891";"2138.4";"1496.88";"2605"
"1715";"319243.439983";"1495.840638";"891";"2138.4";"1496.88";"2606"
"1716";"319525.140303";"1495.461972";"891";"2138.4";"1496.88";"2607"
"1717";"319806.840624";"1495.083307";"890";"2136";"1495.2";"2607"
"1718";"320088.540945";"1494.704641";"890";"2136";"1495.2";"2608"
"1719";"320370.241266";"1494.325976";"890";"2136";"1495.2";"2609"
"1720";"320651.941586";"1493.94731";"890";"2136";"1495.2";"2610"
"1721";"320933.641907";"1493.568645";"890";"2136";"1495.2";"2611"
"1722";"321215.342228";"1493.189979";"889";"2133.6";"1493.52";"2611"
"1723";"321497.042548";"1492.811314";"889";"2133.6";"1493.52";"2612"
"1724";"321778.742869";"1492.432648";"889";"2133.6";"1493.52";"2613"
"1725";"322060.44319";"1492.053983";"889";"2133.6";"1493.52";"2614"
"1726";"322342.14351";"1491.675317";"888";"2131.2";"1491.84";"2614"
"1727";"322623.843831";"1491.296652";"888";"2131.2";"1491.84";"2615"
"1728";"322905.544152";"1490.917986";"888";"2131.2";"1491.84";"2616"
"1729";"323187.244472";"1490.539321";"888";"2131.2";"1491.84";"2617"
"1730";"323468.944793";"1490.160655";"888";"2131.2";"1491.84";"2618"
"1731";"323750.645114";"1489.78199";"887";"2128.8";"1490.16";"2618"
"1732";"324032.345434";"1489.403324";"887";"2128.8";"1490.16";"2619"
"1733";"324314.045755";"1489.024659";"887";"2128.8";"1490.16";"2620"
"1734";"324595.746076";"1488.645993";"887";"2128.8";"1490.16";"2621"
"1735";"324877.446397";"1488.267328";"886";"2126.4";"1488.48";"2621"
"1736";"325159.146717";"1487.888662";"886";"2126.4";"1488.48";"2622"
"1737";"325440.847038";"1487.509997";"886";"2126.4";"1488.48";"2623"
"1738";"325722.547359";"1487.131331";"886";"2126.4";"1488.48";"2624"
"1739";"326004.247679";"1486.752666";"885";"2124";"1486.8";"2624"
"1740";"326285.948";"1486.374";"885";"2124";"1486.8";"2625"
"1741";"326567.648321";"1485.995334";"885";"2124";"1486.8";"2626"
"1742";"326849.348641";"1485.616669";"885";"2124";"1486.8";"2627"
"1743";"327131.048962";"1485.238003";"885";"2124";"1486.8";"2628"
"1744";"327412.749283";"1484.859338";"884";"2121.6";"1485.12";"2628"
"1745";"327694.449603";"1484.480672";"884";"2121.6";"1485.12";"2629"
"1746";"327976.149924";"1484.102007";"884";"2121.6";"1485.12";"2630"
"1747";"328257.850245";"1483.723341";"884";"2121.6";"1485.12";"2631"
"1748";"328539.550566";"1483.344676";"883";"2119.2";"1483.44";"2631"
"1749";"328821.250886";"1482.96601";"883";"2119.2";"1483.44";"2632"
"1750";"329102.951207";"1482.587345";"883";"2119.2";"1483.44";"2633"
"1751";"329384.651528";"1482.208679";"883";"2119.2";"1483.44";"2634"
"1752";"329666.351848";"1481.830014";"883";"2119.2";"1483.44";"2635"
"1753";"329948.052169";"1481.451348";"882";"2116.8";"1481.76";"2635"
"1754";"330229.75249";"1481.072683";"882";"2116.8";"1481.76";"2636"
"1755";"330511.45281";"1480.694017";"882";"2116.8";"1481.76";"2637"
"1756";"330793.153131";"1480.315352";"882";"2116.8";"1481.76";"2638"
"1757";"331074.853452";"1479.936686";"881";"2114.4";"1480.08";"2638"
"1758";"331356.553772";"1479.558021";"881";"2114.4";"1480.08";"2639"
"1759";"331638.254093";"1479.179355";"881";"2114.4";"1480.08";"2640"
"1760";"331919.954414";"1478.80069";"881";"2114.4";"1480.08";"2641"
"1761";"332201.654734";"1478.422024";"881";"2114.4";"1480.08";"2642"
"1762";"332483.355055";"1478.043359";"880";"2112";"1478.4";"2642"
"1763";"332765.055376";"1477.664693";"880";"2112";"1478.4";"2643"
"1764";"333046.755697";"1477.286028";"880";"2112";"1478.4";"2644"
"1765";"333328.456017";"1476.907362";"880";"2112";"1478.4";"2645"
"1766";"333610.156338";"1476.528697";"879";"2109.6";"1476.72";"2645"
"1767";"333891.856659";"1476.150031";"879";"2109.6";"1476.72";"2646"
"1768";"334173.556979";"1475.771366";"879";"2109.6";"1476.72";"2647"
"1769";"334455.2573";"1475.3927";"879";"2109.6";"1476.72";"2648"
"1770";"334736.957621";"1475.014034";"878";"2107.2";"1475.04";"2648"
"1771";"335018.657941";"1474.635369";"878";"2107.2";"1475.04";"2649"
"1772";"335300.358262";"1474.256703";"878";"2107.2";"1475.04";"2650"
"1773";"335582.058583";"1473.878038";"878";"2107.2";"1475.04";"2651"
"1774";"335863.758903";"1473.499372";"878";"2107.2";"1475.04";"2652"
"1775";"336145.459224";"1473.120707";"877";"2104.8";"1473.36";"2652"
"1776";"336427.159545";"1472.742041";"877";"2104.8";"1473.36";"2653"
"1777";"336708.859866";"1472.363376";"877";"2104.8";"1473.36";"2654"
"1778";"336990.560186";"1471.98471";"877";"2104.8";"1473.36";"2655"
"1779";"337272.260507";"1471.606045";"876";"2102.4";"1471.68";"2655"
"1780";"337553.960828";"1471.227379";"876";"2102.4";"1471.68";"2656"
"1781";"337835.661148";"1470.848714";"876";"2102.4";"1471.68";"2657"
"1782";"338117.361469";"1470.470048";"876";"2102.4";"1471.68";"2658"
"1783";"338399.06179";"1470.091383";"876";"2102.4";"1471.68";"2659"
"1784";"338680.76211";"1469.712717";"875";"2100";"1470";"2659"
"1785";"338962.462431";"1469.334052";"875";"2100";"1470";"2660"
"1786";"339244.162752";"1468.955386";"875";"2100";"1470";"2661"
"1787";"339525.863072";"1468.576721";"875";"2100";"1470";"2662"
"1788";"339807.563393";"1468.198055";"874";"2097.6";"1468.32";"2662"
"1789";"340089.263714";"1467.81939";"874";"2097.6";"1468.32";"2663"
"1790";"340370.964034";"1467.440724";"874";"2097.6";"1468.32";"2664"
"1791";"340652.664355";"1467.062059";"874";"2097.6";"1468.32";"2665"
"1792";"340934.364676";"1466.683393";"874";"2097.6";"1468.32";"2666"
"1793";"341216.064997";"1466.304728";"873";"2095.2";"1466.64";"2666"
"1794";"341497.765317";"1465.926062";"873";"2095.2";"1466.64";"2667"
"1795";"341779.465638";"1465.547397";"873";"2095.2";"1466.64";"2668"
"1796";"342061.165959";"1465.168731";"873";"2095.2";"1466.64";"2669"
"1797";"342342.866279";"1464.790066";"872";"2092.8";"1464.96";"2669"
"1798";"342624.5666";"1464.4114";"872";"2092.8";"1464.96";"2670"
"1799";"342906.266921";"1464.032734";"872";"2092.8";"1464.96";"2671"
"1800";"343187.967241";"1463.654069";"872";"2092.8";"1464.96";"2672"
"1801";"343469.667562";"1463.275403";"871";"2090.4";"1463.28";"2672"
"1802";"343751.367883";"1462.896738";"871";"2090.4";"1463.28";"2673"
"1803";"344033.068203";"1462.518072";"871";"2090.4";"1463.28";"2674"
"1804";"344314.768524";"1462.139407";"871";"2090.4";"1463.28";"2675"
"1805";"344596.468845";"1461.760741";"871";"2090.4";"1463.28";"2676"
"1806";"344878.169166";"1461.382076";"870";"2088";"1461.6";"2676"
"1807";"345159.869486";"1461.00341";"870";"2088";"1461.6";"2677"
"1808";"345441.569807";"1460.624745";"870";"2088";"1461.6";"2678"
"1809";"345723.270128";"1460.246079";"870";"2088";"1461.6";"2679"
"1810";"346004.970448";"1459.867414";"869";"2085.6";"1459.92";"2679"
"1811";"346286.670769";"1459.488748";"869";"2085.6";"1459.92";"2680"
"1812";"346568.37109";"1459.110083";"869";"2085.6";"1459.92";"2681"
"1813";"346850.07141";"1458.731417";"869";"2085.6";"1459.92";"2682"
"1814";"347131.771731";"1458.352752";"869";"2085.6";"1459.92";"2683"
"1815";"347413.472052";"1457.974086";"868";"2083.2";"1458.24";"2683"
"1816";"347695.172372";"1457.595421";"868";"2083.2";"1458.24";"2684"
"1817";"347976.872693";"1457.216755";"868";"2083.2";"1458.24";"2685"
"1818";"348258.573014";"1456.83809";"868";"2083.2";"1458.24";"2686"
"1819";"348540.273334";"1456.459424";"867";"2080.8";"1456.56";"2686"
"1820";"348821.973655";"1456.080759";"867";"2080.8";"1456.56";"2687"
"1821";"349103.673976";"1455.702093";"867";"2080.8";"1456.56";"2688"
"1822";"349385.374297";"1455.323428";"867";"2080.8";"1456.56";"2689"
"1823";"349667.074617";"1454.944762";"867";"2080.8";"1456.56";"2690"
"1824";"349948.774938";"1454.566097";"866";"2078.4";"1454.88";"2690"
"1825";"350230.475259";"1454.187431";"866";"2078.4";"1454.88";"2691"
"1826";"350512.175579";"1453.808766";"866";"2078.4";"1454.88";"2692"
"1827";"350793.8759";"1453.4301";"866";"2078.4";"1454.88";"2693"
"1828";"351075.576221";"1453.051434";"865";"2076";"1453.2";"2693"
"1829";"351357.276541";"1452.672769";"865";"2076";"1453.2";"2694"
"1830";"351638.976862";"1452.294103";"865";"2076";"1453.2";"2695"
"1831";"351920.677183";"1451.915438";"865";"2076";"1453.2";"2696"
"1832";"352202.377503";"1451.536772";"865";"2076";"1453.2";"2697"
"1833";"352484.077824";"1451.158107";"864";"2073.6";"1451.52";"2697"
"1834";"352765.778145";"1450.779441";"864";"2073.6";"1451.52";"2698"
"1835";"353047.478466";"1450.400776";"864";"2073.6";"1451.52";"2699"
"1836";"353329.178786";"1450.02211";"864";"2073.6";"1451.52";"2700"
"1837";"353610.879107";"1449.643445";"863";"2071.2";"1449.84";"2700"
"1838";"353892.579428";"1449.264779";"863";"2071.2";"1449.84";"2701"
"1839";"354174.279748";"1448.886114";"863";"2071.2";"1449.84";"2702"
"1840";"354455.980069";"1448.507448";"863";"2071.2";"1449.84";"2703"
"1841";"354737.68039";"1448.128783";"862";"2068.8";"1448.16";"2703"
"1842";"355019.38071";"1447.750117";"862";"2068.8";"1448.16";"2704"
"1843";"355301.081031";"1447.371452";"862";"2068.8";"1448.16";"2705"
"1844";"355582.781352";"1446.992786";"862";"2068.8";"1448.16";"2706"
"1845";"355864.481672";"1446.614121";"862";"2068.8";"1448.16";"2707"
"1846";"356146.181993";"1446.235455";"861";"2066.4";"1446.48";"2707"
"1847";"356427.882314";"1445.85679";"861";"2066.4";"1446.48";"2708"
"1848";"356709.582634";"1445.478124";"861";"2066.4";"1446.48";"2709"
"1849";"356991.282955";"1445.099459";"861";"2066.4";"1446.48";"2710"
"1850";"357272.983276";"1444.720793";"860";"2064";"1444.8";"2710"
"1851";"357554.683597";"1444.342128";"860";"2064";"1444.8";"2711"
"1852";"357836.383917";"1443.963462";"860";"2064";"1444.8";"2712"
"1853";"358118.084238";"1443.584797";"860";"2064";"1444.8";"2713"
"1854";"358399.784559";"1443.206131";"860";"2064";"1444.8";"2714"
"1855";"358681.484879";"1442.827466";"859";"2061.6";"1443.12";"2714"
"1856";"358963.1852";"1442.4488";"859";"2061.6";"1443.12";"2715"
"1857";"359244.885521";"1442.070134";"859";"2061.6";"1443.12";"2716"
"1858";"359526.585841";"1441.691469";"859";"2061.6";"1443.12";"2717"
"1859";"359808.286162";"1441.312803";"858";"2059.2";"1441.44";"2717"
"1860";"360089.986483";"1440.934138";"858";"2059.2";"1441.44";"2718"
"1861";"360371.686803";"1440.555472";"858";"2059.2";"1441.44";"2719"
"1862";"360653.387124";"1440.176807";"858";"2059.2";"1441.44";"2720"
"1863";"360935.087445";"1439.798141";"858";"2059.2";"1441.44";"2721"
"1864";"361216.787766";"1439.419476";"857";"2056.8";"1439.76";"2721"
"1865";"361498.488086";"1439.04081";"857";"2056.8";"1439.76";"2722"
"1866";"361780.188407";"1438.662145";"857";"2056.8";"1439.76";"2723"
"1867";"362061.888728";"1438.283479";"857";"2056.8";"1439.76";"2724"
"1868";"362343.589048";"1437.904814";"856";"2054.4";"1438.08";"2724"
"1869";"362625.289369";"1437.526148";"856";"2054.4";"1438.08";"2725"
"1870";"362906.98969";"1437.147483";"856";"2054.4";"1438.08";"2726"
"1871";"363188.69001";"1436.768817";"856";"2054.4";"1438.08";"2727"
"1872";"363470.390331";"1436.390152";"855";"2052";"1436.4";"2727"
"1873";"363752.090652";"1436.011486";"855";"2052";"1436.4";"2728"
"1874";"364033.790972";"1435.632821";"855";"2052";"1436.4";"2729"
"1875";"364315.491293";"1435.254155";"855";"2052";"1436.4";"2730"
"1876";"364597.191614";"1434.87549";"855";"2052";"1436.4";"2731"
"1877";"364878.891934";"1434.496824";"854";"2049.6";"1434.72";"2731"
"1878";"365160.592255";"1434.118159";"854";"2049.6";"1434.72";"2732"
"1879";"365442.292576";"1433.739493";"854";"2049.6";"1434.72";"2733"
"1880";"365723.992897";"1433.360828";"854";"2049.6";"1434.72";"2734"
"1881";"366005.693217";"1432.982162";"853";"2047.2";"1433.04";"2734"
"1882";"366287.393538";"1432.603497";"853";"2047.2";"1433.04";"2735"
"1883";"366569.093859";"1432.224831";"853";"2047.2";"1433.04";"2736"
"1884";"366850.794179";"1431.846166";"853";"2047.2";"1433.04";"2737"
"1885";"367132.4945";"1431.4675";"853";"2047.2";"1433.04";"2738"
"1886";"367414.194821";"1431.088834";"852";"2044.8";"1431.36";"2738"
"1887";"367695.895141";"1430.710169";"852";"2044.8";"1431.36";"2739"
"1888";"367977.595462";"1430.331503";"852";"2044.8";"1431.36";"2740"
"1889";"368259.295783";"1429.952838";"852";"2044.8";"1431.36";"2741"
"1890";"368540.996103";"1429.574172";"851";"2042.4";"1429.68";"2741"
"1891";"368822.696424";"1429.195507";"851";"2042.4";"1429.68";"2742"
"1892";"369104.396745";"1428.816841";"851";"2042.4";"1429.68";"2743"
"1893";"369386.097066";"1428.438176";"851";"2042.4";"1429.68";"2744"
"1894";"369667.797386";"1428.05951";"851";"2042.4";"1429.68";"2745"
"1895";"369949.497707";"1427.680845";"850";"2040";"1428";"2745"
"1896";"370231.198028";"1427.302179";"850";"2040";"1428";"2746"
"1897";"370512.898348";"1426.923514";"850";"2040";"1428";"2747"
"1898";"370794.598669";"1426.544848";"850";"2040";"1428";"2748"
"1899";"371076.29899";"1426.166183";"849";"2037.6";"1426.32";"2748"
"1900";"371357.99931";"1425.787517";"849";"2037.6";"1426.32";"2749"
"1901";"371639.699631";"1425.408852";"849";"2037.6";"1426.32";"2750"
"1902";"371921.399952";"1425.030186";"849";"2037.6";"1426.32";"2751"
"1903";"372203.100272";"1424.651521";"849";"2037.6";"1426.32";"2752"
"1904";"372484.800593";"1424.272855";"848";"2035.2";"1424.64";"2752"
"1905";"372766.500914";"1423.89419";"848";"2035.2";"1424.64";"2753"
"1906";"373048.201234";"1423.515524";"848";"2035.2";"1424.64";"2754"
"1907";"373329.901555";"1423.136859";"848";"2035.2";"1424.64";"2755"
"1908";"373611.601876";"1422.758193";"847";"2032.8";"1422.96";"2755"
"1909";"373893.302197";"1422.379528";"847";"2032.8";"1422.96";"2756"
"1910";"374175.002517";"1422.000862";"847";"2032.8";"1422.96";"2757"
"1911";"374456.702838";"1421.622197";"847";"2032.8";"1422.96";"2758"
"1912";"374738.403159";"1421.243531";"846";"2030.4";"1421.28";"2758"
"1913";"375020.103479";"1420.864866";"846";"2030.4";"1421.28";"2759"
"1914";"375301.8038";"1420.4862";"846";"2030.4";"1421.28";"2760"
"1915";"375583.504121";"1420.107534";"846";"2030.4";"1421.28";"2761"
"1916";"375865.204441";"1419.728869";"846";"2030.4";"1421.28";"2762"
"1917";"376146.904762";"1419.350203";"845";"2028";"1419.6";"2762"
"1918";"376428.605083";"1418.971538";"845";"2028";"1419.6";"2763"
"1919";"376710.305403";"1418.592872";"845";"2028";"1419.6";"2764"
"1920";"376992.005724";"1418.214207";"845";"2028";"1419.6";"2765"
"1921";"377273.706045";"1417.835541";"844";"2025.6";"1417.92";"2765"
"1922";"377555.406366";"1417.456876";"844";"2025.6";"1417.92";"2766"
"1923";"377837.106686";"1417.07821";"844";"2025.6";"1417.92";"2767"
"1924";"378118.807007";"1416.699545";"844";"2025.6";"1417.92";"2768"
"1925";"378400.507328";"1416.320879";"844";"2025.6";"1417.92";"2769"
"1926";"378682.207648";"1415.942214";"843";"2023.2";"1416.24";"2769"
"1927";"378963.907969";"1415.563548";"843";"2023.2";"1416.24";"2770"
"1928";"379245.60829";"1415.184883";"843";"2023.2";"1416.24";"2771"
"1929";"379527.30861";"1414.806217";"843";"2023.2";"1416.24";"2772"
"1930";"379809.008931";"1414.427552";"842";"2020.8";"1414.56";"2772"
"1931";"380090.709252";"1414.048886";"842";"2020.8";"1414.56";"2773"
"1932";"380372.409572";"1413.670221";"842";"2020.8";"1414.56";"2774"
"1933";"380654.109893";"1413.291555";"842";"2020.8";"1414.56";"2775"
"1934";"380935.810214";"1412.91289";"842";"2020.8";"1414.56";"2776"
"1935";"381217.510534";"1412.534224";"841";"2018.4";"1412.88";"2776"
"1936";"381499.210855";"1412.155559";"841";"2018.4";"1412.88";"2777"
"1937";"381780.911176";"1411.776893";"841";"2018.4";"1412.88";"2778"
"1938";"382062.611497";"1411.398228";"841";"2018.4";"1412.88";"2779"
"1939";"382344.311817";"1411.019562";"840";"2016";"1411.2";"2779"
"1940";"382626.012138";"1410.640897";"840";"2016";"1411.2";"2780"
"1941";"382907.712459";"1410.262231";"840";"2016";"1411.2";"2781"
"1942";"383189.412779";"1409.883566";"840";"2016";"1411.2";"2782"
"1943";"383471.1131";"1409.5049";"839";"2013.6";"1409.52";"2782"
"1944";"383752.813421";"1409.126234";"839";"2013.6";"1409.52";"2783"
"1945";"384034.513741";"1408.747569";"839";"2013.6";"1409.52";"2784"
"1946";"384316.214062";"1408.368903";"839";"2013.6";"1409.52";"2785"
"1947";"384597.914383";"1407.990238";"839";"2013.6";"1409.52";"2786"
"1948";"384879.614703";"1407.611572";"838";"2011.2";"1407.84";"2786"
"1949";"385161.315024";"1407.232907";"838";"2011.2";"1407.84";"2787"
"1950";"385443.015345";"1406.854241";"838";"2011.2";"1407.84";"2788"
"1951";"385724.715666";"1406.475576";"838";"2011.2";"1407.84";"2789"
"1952";"386006.415986";"1406.09691";"837";"2008.8";"1406.16";"2789"
"1953";"386288.116307";"1405.718245";"837";"2008.8";"1406.16";"2790"
"1954";"386569.816628";"1405.339579";"837";"2008.8";"1406.16";"2791"
"1955";"386851.516948";"1404.960914";"837";"2008.8";"1406.16";"2792"
"1956";"387133.217269";"1404.582248";"837";"2008.8";"1406.16";"2793"
"1957";"387414.91759";"1404.203583";"836";"2006.4";"1404.48";"2793"
"1958";"387696.61791";"1403.824917";"836";"2006.4";"1404.48";"2794"
"1959";"387978.318231";"1403.446252";"836";"2006.4";"1404.48";"2795"
"1960";"388260.018552";"1403.067586";"836";"2006.4";"1404.48";"2796"
"1961";"388541.718872";"1402.688921";"835";"2004";"1402.8";"2796"
"1962";"388823.419193";"1402.310255";"835";"2004";"1402.8";"2797"
"1963";"389105.119514";"1401.93159";"835";"2004";"1402.8";"2798"
"1964";"389386.819834";"1401.552924";"835";"2004";"1402.8";"2799"
"1965";"389668.520155";"1401.174259";"835";"2004";"1402.8";"2800"
"1966";"389950.220476";"1400.795593";"834";"2001.6";"1401.12";"2800"
"1967";"390231.920797";"1400.416928";"834";"2001.6";"1401.12";"2801"
"1968";"390513.621117";"1400.038262";"834";"2001.6";"1401.12";"2802"
"1969";"390795.321438";"1399.659597";"834";"2001.6";"1401.12";"2803"
"1970";"391077.021759";"1399.280931";"833";"1999.2";"1399.44";"2803"
"1971";"391358.722079";"1398.902266";"833";"1999.2";"1399.44";"2804"
"1972";"391640.4224";"1398.5236";"833";"1999.2";"1399.44";"2805"
"1973";"391922.122721";"1398.144934";"833";"1999.2";"1399.44";"2806"
"1974";"392203.823041";"1397.766269";"833";"1999.2";"1399.44";"2807"
"1975";"392485.523362";"1397.387603";"832";"1996.8";"1397.76";"2807"
"1976";"392767.223683";"1397.008938";"832";"1996.8";"1397.76";"2808"
"1977";"393048.924003";"1396.630272";"832";"1996.8";"1397.76";"2809"
"1978";"393330.624324";"1396.251607";"832";"1996.8";"1397.76";"2810"
"1979";"393612.324645";"1395.872941";"831";"1994.4";"1396.08";"2810"
"1980";"393894.024966";"1395.494276";"831";"1994.4";"1396.08";"2811"
"1981";"394175.725286";"1395.11561";"831";"1994.4";"1396.08";"2812"
"1982";"394457.425607";"1394.736945";"831";"1994.4";"1396.08";"2813"
"1983";"394739.125928";"1394.358279";"830";"1992";"1394.4";"2813"
"1984";"395020.826248";"1393.979614";"830";"1992";"1394.4";"2814"
"1985";"395302.526569";"1393.600948";"830";"1992";"1394.4";"2815"
"1986";"395584.22689";"1393.222283";"830";"1992";"1394.4";"2816"
"1987";"395865.92721";"1392.843617";"830";"1992";"1394.4";"2817"
"1988";"396147.627531";"1392.464952";"829";"1989.6";"1392.72";"2817"
"1989";"396429.327852";"1392.086286";"829";"1989.6";"1392.72";"2818"
"1990";"396711.028172";"1391.707621";"829";"1989.6";"1392.72";"2819"
"1991";"396992.728493";"1391.328955";"829";"1989.6";"1392.72";"2820"
"1992";"397274.428814";"1390.95029";"828";"1987.2";"1391.04";"2820"
"1993";"397556.129134";"1390.571624";"828";"1987.2";"1391.04";"2821"
"1994";"397837.829455";"1390.192959";"828";"1987.2";"1391.04";"2822"
"1995";"398119.529776";"1389.814293";"828";"1987.2";"1391.04";"2823"
"1996";"398401.230097";"1389.435628";"828";"1987.2";"1391.04";"2824"
"1997";"398682.930417";"1389.056962";"827";"1984.8";"1389.36";"2824"
"1998";"398964.630738";"1388.678297";"827";"1984.8";"1389.36";"2825"
"1999";"399246.331059";"1388.299631";"827";"1984.8";"1389.36";"2826"
"2000";"399528.031379";"1387.920966";"827";"1984.8";"1389.36";"2827"
