timestamp;date_heure;panneaux;batteries;consommation_kWh;eolien_kWh;pv_kWh;production_kWh;bilan_kWh;energie_stockee_kWh;soc_pct;energie_non_servie_kWh;energie_ecretee_kWh
2019-09-14 20:00:00;2019-09-14 21:00:00;623;373;50;13.157;0.0;13.157;-36.843;768.837;85.88438337801608;0.0;0.0
2019-09-14 21:00:00;2019-09-14 22:00:00;623;373;47;10.623;0.0;10.623;-36.377;732.46;81.82082216264523;0.0;0.0
2019-09-14 22:00:00;2019-09-14 23:00:00;623;373;40;10.441;0.0;10.441;-29.558999999999997;702.9010000000001;78.51887846291332;0.0;0.0
2019-09-14 23:00:00;2019-09-15 00:00:00;623;373;35;10.826;0.0;10.826;-24.174;678.7270000000001;75.81847631814122;0.0;0.0
2019-09-15 00:00:00;2019-09-15 01:00:00;623;373;28;11.848;0.0;11.848;-16.152;662.575;74.01418677390528;0.0;0.0
2019-09-15 01:00:00;2019-09-15 02:00:00;623;373;30;12.884;0.0;12.884;-17.116;645.4590000000001;72.10221179624666;0.0;0.0
2019-09-15 02:00:00;2019-09-15 03:00:00;623;373;30;13.549;0.0;13.549;-16.451;629.008;70.26452189454871;0.0;0.0
2019-09-15 03:00:00;2019-09-15 04:00:00;623;373;30;13.829;0.0;13.829;-16.171;612.837;68.45810991957104;0.0;0.0
2019-09-15 04:00:00;2019-09-15 05:00:00;623;373;30;13.787;0.0;13.787;-16.213;596.624;66.64700625558535;0.0;0.0
2019-09-15 05:00:00;2019-09-15 06:00:00;623;373;30;14.179;0.0;14.179;-15.821;580.803;64.87969168900806;0.0;0.0
2019-09-15 06:00:00;2019-09-15 07:00:00;623;373;33;14.697;0.44856;15.14556;-17.85444;562.94856;62.88522788203755;0.0;0.0
2019-09-15 07:00:00;2019-09-15 08:00:00;623;373;35;13.598;8.29836;21.89636;-13.103639999999999;549.84492;61.42146112600536;0.0;0.0
2019-09-15 08:00:00;2019-09-15 09:00:00;623;373;40;11.876;18.16668;30.042679999999997;-9.957320000000003;539.8876;60.3091599642538;0.0;0.0
2019-09-15 09:00:00;2019-09-15 10:00:00;623;373;45;11.365;27.81072;39.17572;-5.824280000000002;534.06332;59.65854781054513;0.0;0.0
2019-09-15 10:00:00;2019-09-15 11:00:00;623;373;50;13.591;40.81896;54.40996;4.409959999999998;538.4732799999999;60.151170688114384;0.0;0.0
2019-09-15 11:00:00;2019-09-15 12:00:00;623;373;45;15.796;65.15334;80.94934;35.94934000000001;574.4226199999999;64.16695933869526;0.0;0.0
2019-09-15 12:00:00;2019-09-15 13:00:00;623;373;40;18.592;76.14305999999999;94.73505999999999;54.73505999999999;629.1576799999999;70.28124218051832;0.0;0.0
2019-09-15 13:00:00;2019-09-15 14:00:00;623;373;35;21.72;80.06796;101.78796;66.78796;695.9456399999999;77.74191689008042;0.0;0.0
2019-09-15 14:00:00;2019-09-15 15:00:00;623;373;36;24.176;73.22742000000001;97.40342000000001;61.40342000000001;757.3490599999999;84.60110142984807;0.0;0.0
2019-09-15 15:00:00;2019-09-15 16:00:00;623;373;36;26.098;60.892019999999995;86.99001999999999;50.99001999999999;805.68;90.0;0.0;2.6590799999999035
2019-09-15 16:00:00;2019-09-15 17:00:00;623;373;36;25.945;46.5381;72.48310000000001;36.48310000000001;805.68;90.0;0.0;36.483100000000036
2019-09-15 17:00:00;2019-09-15 18:00:00;623;373;35;24.392;26.128619999999998;50.520619999999994;15.520619999999994;805.68;90.0;0.0;15.520620000000008
2019-09-15 18:00:00;2019-09-15 19:00:00;623;373;40;22.36;5.94342;28.30342;-11.69658;793.9834199999999;88.69341152815014;0.0;0.0
2019-09-15 19:00:00;2019-09-15 20:00:00;623;373;47;20.408;0.0;20.408;-26.592;767.3914199999999;85.72290214477212;0.0;0.0
2019-09-15 20:00:00;2019-09-15 21:00:00;623;373;50;17.024;0.0;17.024;-32.976;734.4154199999999;82.03925603217158;0.0;0.0
2019-09-15 21:00:00;2019-09-15 22:00:00;623;373;47;15.901;0.0;15.901;-31.099;703.3164199999999;78.5652837354781;0.0;0.0
2019-09-15 22:00:00;2019-09-15 23:00:00;623;373;40;15.915;0.0;15.915;-24.085;679.2314199999998;75.87482350312777;0.0;0.0
2019-09-15 23:00:00;2019-09-16 00:00:00;623;373;35;15.173;0.0;15.173;-19.826999999999998;659.4044199999998;73.6600111706881;0.0;0.0
2019-09-16 00:00:00;2019-09-16 01:00:00;623;373;28;14.039;0.0;14.039;-13.961;645.4434199999998;72.10047140303841;0.0;0.0
2019-09-16 01:00:00;2019-09-16 02:00:00;623;373;30;12.786;0.0;12.786;-17.214;628.2294199999999;70.17754915102769;0.0;0.0
2019-09-16 02:00:00;2019-09-16 03:00:00;623;373;30;11.68;0.0;11.68;-18.32;609.9094199999998;68.13107908847184;0.0;0.0
2019-09-16 03:00:00;2019-09-16 04:00:00;623;373;30;10.77;0.0;10.77;-19.23;590.6794199999998;65.98295576407504;0.0;0.0
2019-09-16 04:00:00;2019-09-16 05:00:00;623;373;30;9.895;0.0;9.895;-20.105;570.5744199999998;63.73708891867737;0.0;0.0
2019-09-16 05:00:00;2019-09-16 06:00:00;623;373;30;8.885;0.0;8.885;-21.115000000000002;549.4594199999998;61.37839812332438;0.0;0.0
2019-09-16 06:00:00;2019-09-16 07:00:00;623;373;33;8.075;0.44856;8.52356;-24.47644;524.9829799999998;58.64421134941911;0.0;0.0
2019-09-16 07:00:00;2019-09-16 08:00:00;623;373;35;7.77;11.7747;19.5447;-15.455300000000001;509.52767999999975;56.917747989276116;0.0;0.0
2019-09-16 08:00:00;2019-09-16 09:00:00;623;373;40;6.105;35.3241;41.429100000000005;1.4291000000000054;510.95677999999975;57.07738829311884;0.0;0.0
2019-09-16 09:00:00;2019-09-16 10:00:00;623;373;45;8.77;60.667739999999995;69.43773999999999;24.43773999999999;535.3945199999997;59.80725201072383;0.0;0.0
2019-09-16 10:00:00;2019-09-16 11:00:00;623;373;50;10.168;82.87146;93.03945999999999;43.03945999999999;578.4339799999997;64.61505585344054;0.0;0.0
2019-09-16 11:00:00;2019-09-16 12:00:00;623;373;45;12.45;98.90748;111.35748000000001;66.35748000000001;644.7914599999997;72.02764298480784;0.0;0.0
2019-09-16 12:00:00;2019-09-16 13:00:00;623;373;40;15.159;106.64514;121.80414;81.80414;726.5955999999996;81.16572832886503;0.0;0.0
2019-09-16 13:00:00;2019-09-16 14:00:00;623;373;35;17.696;106.533;124.229;89.229;805.68;90.0;0.0;10.144599999999741
2019-09-16 14:00:00;2019-09-16 15:00:00;623;373;36;19.728;96.32826;116.05626000000001;80.05626000000001;805.68;90.0;0.0;80.05625999999995
2019-09-16 15:00:00;2019-09-16 16:00:00;623;373;36;21.128;78.38586;99.51386;63.513859999999994;805.68;90.0;0.0;63.51386000000002
2019-09-16 16:00:00;2019-09-16 17:00:00;623;373;36;22.416;54.275760000000005;76.69176;40.69176;805.68;90.0;0.0;40.691760000000045
2019-09-16 17:00:00;2019-09-16 18:00:00;623;373;35;23.456;27.58644;51.04244;16.04244;805.68;90.0;0.0;16.042440000000056
2019-09-16 18:00:00;2019-09-16 19:00:00;623;373;40;24.584;5.606999999999999;30.191;-9.809000000000001;795.871;88.9042672028597;0.0;0.0
2019-09-16 19:00:00;2019-09-16 20:00:00;623;373;47;23.432;0.0;23.432;-23.568;772.303;86.27155942806078;0.0;0.0
2019-09-16 20:00:00;2019-09-16 21:00:00;623;373;50;19.608;0.0;19.608;-30.392;741.911;82.87656389633601;0.0;0.0
2019-09-16 21:00:00;2019-09-16 22:00:00;623;373;47;15.523;0.0;15.523;-31.477;710.434;79.36036639857015;0.0;0.0
2019-09-16 22:00:00;2019-09-16 23:00:00;623;373;40;13.556;0.0;13.556;-26.444000000000003;683.99;76.40638963360144;0.0;0.0
2019-09-16 23:00:00;2019-09-17 00:00:00;623;373;35;14.151;0.0;14.151;-20.849;663.141;74.0774128686327;0.0;0.0
2019-09-17 00:00:00;2019-09-17 01:00:00;623;373;28;15.74;0.0;15.74;-12.26;650.881;72.70788650580876;0.0;0.0
2019-09-17 01:00:00;2019-09-17 02:00:00;623;373;30;17.576;0.0;17.576;-12.424;638.457;71.32004021447722;0.0;0.0
2019-09-17 02:00:00;2019-09-17 03:00:00;623;373;30;19.88;0.0;19.88;-10.120000000000001;628.337;70.18956657730116;0.0;0.0
2019-09-17 03:00:00;2019-09-17 04:00:00;623;373;30;22.056;0.0;22.056;-7.943999999999999;620.393;69.3021671134942;0.0;0.0
2019-09-17 04:00:00;2019-09-17 05:00:00;623;373;30;23.864;0.0;23.864;-6.135999999999999;614.2570000000001;68.61673369079536;0.0;0.0
2019-09-17 05:00:00;2019-09-17 06:00:00;623;373;30;25.639;0.0;25.639;-4.361000000000001;609.8960000000001;68.12957998212691;0.0;0.0
2019-09-17 06:00:00;2019-09-17 07:00:00;623;373;33;26.674;0.33642;27.01042;-5.98958;603.90642;67.46050268096515;0.0;0.0
2019-09-17 07:00:00;2019-09-17 08:00:00;623;373;35;25.738;11.43828;37.17628;2.1762799999999984;606.0827;67.70360813226095;0.0;0.0
2019-09-17 08:00:00;2019-09-17 09:00:00;623;373;40;21.248;35.66052;56.908519999999996;16.908519999999996;622.99122;69.59240616621985;0.0;0.0
2019-09-17 09:00:00;2019-09-17 10:00:00;623;373;45;20.536;61.677;82.213;37.212999999999994;660.20422;73.74935433422698;0.0;0.0
2019-09-17 10:00:00;2019-09-17 11:00:00;623;373;50;18.2;84.6657;102.8657;52.865700000000004;713.0699199999999;79.65481680071493;0.0;0.0
2019-09-17 11:00:00;2019-09-17 12:00:00;623;373;45;15.649;100.02888;115.67788;70.67788;783.7477999999999;87.55002234137622;0.0;0.0
2019-09-17 12:00:00;2019-09-17 13:00:00;623;373;40;14.018;106.86942;120.88742;80.88742;805.68;90.0;0.0;58.95521999999994
2019-09-17 13:00:00;2019-09-17 14:00:00;623;373;35;12.933;105.07518;118.00818000000001;83.00818000000001;805.68;90.0;0.0;83.00818000000004
2019-09-17 14:00:00;2019-09-17 15:00:00;623;373;36;13.038;90.60912;103.64712;67.64712;805.68;90.0;0.0;67.64711999999997
2019-09-17 15:00:00;2019-09-17 16:00:00;623;373;36;14.333;72.10602;86.43902;50.43902;805.68;90.0;0.0;50.43902000000003
2019-09-17 16:00:00;2019-09-17 17:00:00;623;373;36;15.25;48.780899999999995;64.0309;28.030900000000003;805.68;90.0;0.0;28.030899999999974
2019-09-17 17:00:00;2019-09-17 18:00:00;623;373;35;15.915;24.670800000000003;40.585800000000006;5.585800000000006;805.68;90.0;0.0;5.585799999999949
2019-09-17 18:00:00;2019-09-17 19:00:00;623;373;40;18.496;5.0463;23.542299999999997;-16.457700000000003;789.2222999999999;88.1615616621984;0.0;0.0
2019-09-17 19:00:00;2019-09-17 20:00:00;623;373;47;19.736;0.0;19.736;-27.264;761.9582999999999;85.11598525469168;0.0;0.0
2019-09-17 20:00:00;2019-09-17 21:00:00;623;373;50;18.68;0.0;18.68;-31.32;730.6382999999998;81.6173257372654;0.0;0.0
2019-09-17 21:00:00;2019-09-17 22:00:00;623;373;47;16.909;0.0;16.909;-30.091;700.5472999999998;78.25595397676496;0.0;0.0
2019-09-17 22:00:00;2019-09-17 23:00:00;623;373;40;15.439;0.0;15.439;-24.561;675.9862999999998;75.51232126899015;0.0;0.0
2019-09-17 23:00:00;2019-09-18 00:00:00;623;373;35;16.153;0.0;16.153;-18.847;657.1392999999998;73.40698168007147;0.0;0.0
2019-09-18 00:00:00;2019-09-18 01:00:00;623;373;28;15.6;0.0;15.6;-12.4;644.7392999999998;72.02181635388739;0.0;0.0
2019-09-18 01:00:00;2019-09-18 02:00:00;623;373;30;14.781;0.0;14.781;-15.219;629.5202999999998;70.32174932975869;0.0;0.0
2019-09-18 02:00:00;2019-09-18 03:00:00;623;373;30;15.243;0.0;15.243;-14.757;614.7632999999998;68.67329088471848;0.0;0.0
2019-09-18 03:00:00;2019-09-18 04:00:00;623;373;30;17.984;0.0;17.984;-12.015999999999998;602.7472999999999;67.33102100089364;0.0;0.0
2019-09-18 04:00:00;2019-09-18 05:00:00;623;373;30;20.712;0.0;20.712;-9.288;593.4592999999999;66.2934874888293;0.0;0.0
2019-09-18 05:00:00;2019-09-18 06:00:00;623;373;30;21.064;0.0;21.064;-8.936;584.5232999999998;65.29527479892761;0.0;0.0
2019-09-18 06:00:00;2019-09-18 07:00:00;623;373;33;19.992;0.22428;20.21628;-12.783719999999999;571.7395799999998;63.86724530831098;0.0;0.0
2019-09-18 07:00:00;2019-09-18 08:00:00;623;373;35;18.28;5.270580000000001;23.550580000000004;-11.449419999999996;560.2901599999998;62.588266309204634;0.0;0.0
2019-09-18 08:00:00;2019-09-18 09:00:00;623;373;40;14.746;15.47532;30.22132;-9.778680000000001;550.5114799999998;61.49592046470061;0.0;0.0
2019-09-18 09:00:00;2019-09-18 10:00:00;623;373;45;11.743;23.10084;34.84384;-10.15616;540.3553199999998;60.36140750670239;0.0;0.0
2019-09-18 10:00:00;2019-09-18 11:00:00;623;373;50;9.66;21.75516;31.41516;-18.58484;521.7704799999998;58.2853529937444;0.0;0.0
2019-09-18 11:00:00;2019-09-18 12:00:00;623;373;45;8.16;23.325120000000002;31.485120000000002;-13.514879999999998;508.2555999999998;56.77564789991061;0.0;0.0
2019-09-18 12:00:00;2019-09-18 13:00:00;623;373;40;9.15;23.10084;32.250840000000004;-7.749159999999996;500.50643999999977;55.91001340482572;0.0;0.0
2019-09-18 13:00:00;2019-09-18 14:00:00;623;373;35;10.532;21.082320000000003;31.614320000000003;-3.385679999999997;497.1207599999998;55.53180965147451;0.0;0.0
2019-09-18 14:00:00;2019-09-18 15:00:00;623;373;36;12.366;22.76442;35.13042;-0.8695799999999991;496.2511799999998;55.43467158176942;0.0;0.0
2019-09-18 15:00:00;2019-09-18 16:00:00;623;373;36;13.087;19.28808;32.37508;-3.624920000000003;492.6262599999998;55.029743074173346;0.0;0.0
2019-09-18 16:00:00;2019-09-18 17:00:00;623;373;36;12.058;15.02676;27.08476;-8.91524;483.7110199999998;54.033849419124195;0.0;0.0
2019-09-18 17:00:00;2019-09-18 18:00:00;623;373;35;10.014;7.96194;17.97594;-17.02406;466.6869599999998;52.13214477211794;0.0;0.0
2019-09-18 18:00:00;2019-09-18 19:00:00;623;373;40;10.434;1.79424;12.22824;-27.77176;438.9151999999998;49.02984807864163;0.0;0.0
2019-09-18 19:00:00;2019-09-18 20:00:00;623;373;47;13.367;0.0;13.367;-33.632999999999996;405.2821999999998;45.27281054512956;0.0;0.0
2019-09-18 20:00:00;2019-09-18 21:00:00;623;373;50;16.524;0.0;16.524;-33.476;371.8061999999998;41.53331099195709;0.0;0.0
2019-09-18 21:00:00;2019-09-18 22:00:00;623;373;47;17.176;0.0;17.176;-29.824;341.9821999999998;38.20176496872205;0.0;0.0
2019-09-18 22:00:00;2019-09-18 23:00:00;623;373;40;16.895;0.0;16.895;-23.105;318.8771999999998;35.620777479892745;0.0;0.0
2019-09-18 23:00:00;2019-09-19 00:00:00;623;373;35;17.736;0.0;17.736;-17.264;301.6131999999998;33.69226988382482;0.0;0.0
2019-09-19 00:00:00;2019-09-19 01:00:00;623;373;28;19.104;0.0;19.104;-8.896;292.71719999999976;32.69852546916888;0.0;0.0
2019-09-19 01:00:00;2019-09-19 02:00:00;623;373;30;19.576;0.0;19.576;-10.424;282.2931999999998;31.53409294012509;0.0;0.0
2019-09-19 02:00:00;2019-09-19 03:00:00;623;373;30;17.96;0.0;17.96;-12.04;270.25319999999977;30.189142091152792;0.0;0.0
2019-09-19 03:00:00;2019-09-19 04:00:00;623;373;30;16.167;0.0;16.167;-13.832999999999998;256.4201999999998;28.643900804289522;0.0;0.0
2019-09-19 04:00:00;2019-09-19 05:00:00;623;373;30;14.004;0.0;14.004;-15.996;240.4241999999998;26.857037533512045;0.0;0.0
2019-09-19 05:00:00;2019-09-19 06:00:00;623;373;30;11.792;0.0;11.792;-18.208;222.2161999999998;24.8230786416443;0.0;0.0
2019-09-19 06:00:00;2019-09-19 07:00:00;623;373;33;10.07;0.22428;10.29428;-22.70572;199.5104799999998;22.28669347631812;0.0;0.0
2019-09-19 07:00:00;2019-09-19 08:00:00;623;373;35;9.67;8.18622;17.85622;-17.14378;182.3666999999998;20.37161528150132;0.0;0.0
2019-09-19 08:00:00;2019-09-19 09:00:00;623;373;40;11.911;24.89508;36.80608;-3.1939199999999985;179.17277999999982;20.014832439678262;0.0;0.0
2019-09-19 09:00:00;2019-09-19 10:00:00;623;373;45;11.778;42.83748;54.61548;9.615479999999998;188.7882599999998;21.088947721179604;0.0;0.0
2019-09-19 10:00:00;2019-09-19 11:00:00;623;373;50;11.316;60.443459999999995;71.75945999999999;21.75945999999999;210.5477199999998;23.51962913315458;0.0;0.0
2019-09-19 11:00:00;2019-09-19 12:00:00;623;373;45;11.071;76.03092;87.10191999999999;42.10191999999999;252.6496399999998;28.222703306523663;0.0;0.0
2019-09-19 12:00:00;2019-09-19 13:00:00;623;373;40;10.427;79.50726;89.93426;49.934259999999995;302.5838999999998;33.800703753351186;0.0;0.0
2019-09-19 13:00:00;2019-09-19 14:00:00;623;373;35;9.47;82.31075999999999;91.78075999999999;56.78075999999999;359.3646599999998;40.14350536193027;0.0;0.0
2019-09-19 14:00:00;2019-09-19 15:00:00;623;373;36;8.11;69.63894;77.74894;41.748940000000005;401.1135999999998;44.80714924039319;0.0;0.0
2019-09-19 15:00:00;2019-09-19 16:00:00;623;373;36;7.965;52.59366;60.55866;24.558660000000003;425.6722599999998;47.55052055406611;0.0;0.0
2019-09-19 16:00:00;2019-09-19 17:00:00;623;373;36;9.94;37.0062;46.9462;10.946199999999997;436.6184599999998;48.77328641644324;0.0;0.0
2019-09-19 17:00:00;2019-09-19 18:00:00;623;373;35;12.499;19.28808;31.787080000000003;-3.212919999999997;433.4055399999998;48.414381143878444;0.0;0.0
2019-09-19 18:00:00;2019-09-19 19:00:00;623;373;40;15.712;4.03704;19.74904;-20.25096;413.1545799999998;46.152209562109;0.0;0.0
2019-09-19 19:00:00;2019-09-19 20:00:00;623;373;47;18.032;0.0;18.032;-28.968;384.18657999999976;42.91628462913313;0.0;0.0
2019-09-19 20:00:00;2019-09-19 21:00:00;623;373;50;18.472;0.0;18.472;-31.528;352.65857999999974;39.39439008042893;0.0;0.0
2019-09-19 21:00:00;2019-09-19 22:00:00;623;373;47;17.808;0.0;17.808;-29.192;323.46657999999974;36.13344280607683;0.0;0.0
2019-09-19 22:00:00;2019-09-19 23:00:00;623;373;40;15.201;0.0;15.201;-24.799;298.66757999999976;33.36322386058979;0.0;0.0
2019-09-19 23:00:00;2019-09-20 00:00:00;623;373;35;12.051;0.0;12.051;-22.948999999999998;275.71857999999975;30.79966264521892;0.0;0.0
2019-09-20 00:00:00;2019-09-20 01:00:00;623;373;28;12.653;0.0;12.653;-15.347;260.37157999999977;29.08529714030382;0.0;0.0
2019-09-20 01:00:00;2019-09-20 02:00:00;623;373;30;17.032;0.0;17.032;-12.968;247.40357999999978;27.636682305630003;0.0;0.0
2019-09-20 02:00:00;2019-09-20 03:00:00;623;373;30;19.568;0.0;19.568;-10.431999999999999;236.9715799999998;26.471356121537063;0.0;0.0
2019-09-20 03:00:00;2019-09-20 04:00:00;623;373;30;19.312;0.0;19.312;-10.687999999999999;226.2835799999998;25.277432975871292;0.0;0.0
2019-09-20 04:00:00;2019-09-20 05:00:00;623;373;30;18.048;0.0;18.048;-11.952000000000002;214.3315799999998;23.94231233243966;0.0;0.0
2019-09-20 05:00:00;2019-09-20 06:00:00;623;373;30;17.056;0.0;17.056;-12.943999999999999;201.38757999999982;22.496378462913295;0.0;0.0
2019-09-20 06:00:00;2019-09-20 07:00:00;623;373;33;17.264;0.22428;17.48828;-15.51172;185.87585999999982;20.763612600536174;0.0;0.0
2019-09-20 07:00:00;2019-09-20 08:00:00;623;373;35;17.424;11.55042;28.974420000000002;-6.025579999999998;179.85027999999983;20.090513851653245;0.0;0.0
2019-09-20 08:00:00;2019-09-20 09:00:00;623;373;40;19.448;36.33336;55.78136;15.78136;195.63163999999983;21.853400357462;0.0;0.0
2019-09-20 09:00:00;2019-09-20 10:00:00;623;373;45;26.791;63.24696;90.03796;45.03796;240.66959999999983;26.884450402144758;0.0;0.0
2019-09-20 10:00:00;2019-09-20 11:00:00;623;373;50;31.417;85.2264;116.6434;66.6434;307.3129999999998;34.3289767649687;0.0;0.0
2019-09-20 11:00:00;2019-09-20 12:00:00;623;373;45;34.6;98.90748;133.50748000000002;88.50748000000002;395.82047999999986;44.21587131367291;0.0;0.0
2019-09-20 12:00:00;2019-09-20 13:00:00;623;373;40;39.055;100.926;139.981;99.981;495.80147999999986;55.38443699731902;0.0;0.0
2019-09-20 13:00:00;2019-09-20 14:00:00;623;373;35;42.94;92.51549999999999;135.45549999999997;100.45549999999997;596.2569799999999;66.60600759606791;0.0;0.0
2019-09-20 14:00:00;2019-09-20 15:00:00;623;373;36;45.595;76.03092;121.62592;85.62592;681.8828999999998;76.17101206434315;0.0;0.0
2019-09-20 15:00:00;2019-09-20 16:00:00;623;373;36;45.775;53.71506;99.49006;63.49006;745.3729599999998;83.26328865058086;0.0;0.0
2019-09-20 16:00:00;2019-09-20 17:00:00;623;373;36;44.53;36.4455;80.97550000000001;44.97550000000001;790.3484599999998;88.28736148346736;0.0;0.0
2019-09-20 17:00:00;2019-09-20 18:00:00;623;373;35;42.415;19.17594;61.59094;26.590940000000003;805.68;90.0;0.0;11.259399999999914
2019-09-20 18:00:00;2019-09-20 19:00:00;623;373;40;35.41;3.58848;38.998479999999994;-1.0015200000000064;804.6784799999999;89.88812332439679;0.0;0.0
2019-09-20 19:00:00;2019-09-20 20:00:00;623;373;47;31.246;0.0;31.246;-15.754000000000001;788.9244799999999;88.12829311885612;0.0;0.0
2019-09-20 20:00:00;2019-09-20 21:00:00;623;373;50;29.482;0.0;29.482;-20.518;768.4064799999999;85.83629133154601;0.0;0.0
2019-09-20 21:00:00;2019-09-20 22:00:00;623;373;47;30.346;0.0;30.346;-16.654;751.7524799999999;83.97592493297587;0.0;0.0
2019-09-20 22:00:00;2019-09-20 23:00:00;623;373;40;31.876;0.0;31.876;-8.123999999999999;743.6284799999999;83.068418230563;0.0;0.0
2019-09-20 23:00:00;2019-09-21 00:00:00;623;373;35;33.055;0.0;33.055;-1.9450000000000003;741.6834799999998;82.85114834673814;0.0;0.0
2019-09-21 00:00:00;2019-09-21 01:00:00;623;373;28;35.875;0.0;35.875;7.875;749.5584799999998;83.73084003574618;0.0;0.0
2019-09-21 01:00:00;2019-09-21 02:00:00;623;373;30;36.625;0.0;36.625;6.625;756.1834799999998;84.47089812332439;0.0;0.0
2019-09-21 02:00:00;2019-09-21 03:00:00;623;373;30;39.025;0.0;39.025;9.024999999999999;765.2084799999998;85.47905272564789;0.0;0.0
2019-09-21 03:00:00;2019-09-21 04:00:00;623;373;30;38.635;0.0;38.635;8.634999999999998;773.8434799999998;86.44364164432528;0.0;0.0
2019-09-21 04:00:00;2019-09-21 05:00:00;623;373;30;42.655;0.0;42.655;12.655000000000001;786.4984799999997;87.85729222520105;0.0;0.0
2019-09-21 05:00:00;2019-09-21 06:00:00;623;373;30;46.33;0.0;46.33;16.33;802.8284799999998;89.6814655942806;0.0;0.0
2019-09-21 06:00:00;2019-09-21 07:00:00;623;373;33;55.272;0.11214;55.384139999999995;22.384139999999995;805.68;90.0;0.0;19.532619999999838
2019-09-21 07:00:00;2019-09-21 08:00:00;623;373;35;59.542;3.70062;63.24262;28.242620000000002;805.68;90.0;0.0;28.242619999999988
2019-09-21 08:00:00;2019-09-21 09:00:00;623;373;40;60.242;8.29836;68.54035999999999;28.540359999999993;805.68;90.0;0.0;28.540359999999964
2019-09-21 09:00:00;2019-09-21 10:00:00;623;373;45;60.284;11.88684;72.17084;27.17084;805.68;90.0;0.0;27.17084
2019-09-21 10:00:00;2019-09-21 11:00:00;623;373;50;61.628;14.241779999999999;75.86977999999999;25.86977999999999;805.68;90.0;0.0;25.86977999999999
2019-09-21 11:00:00;2019-09-21 12:00:00;623;373;45;68.678;18.16668;86.84468;41.84468;805.68;90.0;0.0;41.84468000000004
2019-09-21 12:00:00;2019-09-21 13:00:00;623;373;40;73.421;24.44652;97.86752000000001;57.86752000000001;805.68;90.0;0.0;57.86752000000001
2019-09-21 13:00:00;2019-09-21 14:00:00;623;373;35;73.523;28.5957;102.11869999999999;67.11869999999999;805.68;90.0;0.0;67.11869999999999
2019-09-21 14:00:00;2019-09-21 15:00:00;623;373;36;71.602;30.2778;101.8798;65.8798;805.68;90.0;0.0;65.87980000000005
2019-09-21 15:00:00;2019-09-21 16:00:00;623;373;36;69.443;27.36216;96.80516;60.80516;805.68;90.0;0.0;60.80516
2019-09-21 16:00:00;2019-09-21 17:00:00;623;373;36;63.238;21.8673;85.1053;49.1053;805.68;90.0;0.0;49.10530000000006
2019-09-21 17:00:00;2019-09-21 18:00:00;623;373;35;54.964;12.335400000000002;67.2994;32.299400000000006;805.68;90.0;0.0;32.29939999999999
2019-09-21 18:00:00;2019-09-21 19:00:00;623;373;40;49.812;2.46708;52.27908;12.27908;805.68;90.0;0.0;12.279080000000022
2019-09-21 19:00:00;2019-09-21 20:00:00;623;373;47;48.205;0.0;48.205;1.2049999999999983;805.68;90.0;0.0;1.205000000000041
2019-09-21 20:00:00;2019-09-21 21:00:00;623;373;50;45.295;0.0;45.295;-4.704999999999998;800.9749999999999;89.47441912421804;0.0;0.0
2019-09-21 21:00:00;2019-09-21 22:00:00;623;373;47;38.17;0.0;38.17;-8.829999999999998;792.1449999999999;88.4880473637176;0.0;0.0
2019-09-21 22:00:00;2019-09-21 23:00:00;623;373;40;32.02;0.0;32.02;-7.979999999999997;784.1649999999998;87.59662645218944;0.0;0.0
2019-09-21 23:00:00;2019-09-22 00:00:00;623;373;35;29.473;0.0;29.473;-5.527000000000001;778.6379999999998;86.97922252010721;0.0;0.0
2019-09-22 00:00:00;2019-09-22 01:00:00;623;373;28;28.375;0.0;28.375;0.375;779.0129999999998;87.02111260053617;0.0;0.0
2019-09-22 01:00:00;2019-09-22 02:00:00;623;373;30;28.717;0.0;28.717;-1.2830000000000013;777.7299999999998;86.87779267202859;0.0;0.0
2019-09-22 02:00:00;2019-09-22 03:00:00;623;373;30;27.583;0.0;27.583;-2.4170000000000016;775.3129999999998;86.60779714030382;0.0;0.0
2019-09-22 03:00:00;2019-09-22 04:00:00;623;373;30;25.945;0.0;25.945;-4.055;771.2579999999998;86.15482573726541;0.0;0.0
2019-09-22 04:00:00;2019-09-22 05:00:00;623;373;30;23.696;0.0;23.696;-6.3039999999999985;764.9539999999998;85.45062555853438;0.0;0.0
2019-09-22 05:00:00;2019-09-22 06:00:00;623;373;30;21.616;0.0;21.616;-8.384;756.5699999999998;84.51407506702412;0.0;0.0
2019-09-22 06:00:00;2019-09-22 07:00:00;623;373;33;20.984;0.11214;21.096140000000002;-11.903859999999998;744.6661399999998;83.18433199285076;0.0;0.0
2019-09-22 07:00:00;2019-09-22 08:00:00;623;373;35;20.168;7.62552;27.79352;-7.206479999999999;737.4596599999998;82.379318588025;0.0;0.0
2019-09-22 08:00:00;2019-09-22 09:00:00;623;373;40;20.296;25.7922;46.0882;6.0882000000000005;743.5478599999998;83.05941242180516;0.0;0.0
2019-09-22 09:00:00;2019-09-22 10:00:00;623;373;45;23.544;52.59366;76.13766;31.137659999999997;774.6855199999998;86.53770330652367;0.0;0.0
2019-09-22 10:00:00;2019-09-22 11:00:00;623;373;50;24.648;78.498;103.146;53.146;805.68;90.0;0.0;22.151519999999778
2019-09-22 11:00:00;2019-09-22 12:00:00;623;373;45;23.752;97.56179999999999;121.31379999999999;76.31379999999999;805.68;90.0;0.0;76.31380000000001
2019-09-22 12:00:00;2019-09-22 13:00:00;623;373;40;22.288;97.33752;119.62552;79.62552;805.68;90.0;0.0;79.62551999999994
2019-09-22 13:00:00;2019-09-22 14:00:00;623;373;35;20.656;75.1338;95.78979999999999;60.789799999999985;805.68;90.0;0.0;60.789800000000014
2019-09-22 14:00:00;2019-09-22 15:00:00;623;373;36;19.616;62.68626;82.30225999999999;46.30225999999999;805.68;90.0;0.0;46.30226000000005
2019-09-22 15:00:00;2019-09-22 16:00:00;623;373;36;18.832;48.108059999999995;66.94005999999999;30.94005999999999;805.68;90.0;0.0;30.940060000000017
2019-09-22 16:00:00;2019-09-22 17:00:00;623;373;36;18.448;25.00722;43.45522;7.455219999999997;805.68;90.0;0.0;7.45521999999994
2019-09-22 17:00:00;2019-09-22 18:00:00;623;373;35;18.4;9.75618;28.15618;-6.843820000000001;798.8361799999999;89.23549821268989;0.0;0.0
2019-09-22 18:00:00;2019-09-22 19:00:00;623;373;40;17.184;2.01852;19.20252;-20.79748;778.0387;86.91227658623771;0.0;0.0
2019-09-22 19:00:00;2019-09-22 20:00:00;623;373;47;22.44;0.0;22.44;-24.56;753.4787;84.16875558534406;0.0;0.0
2019-09-22 20:00:00;2019-09-22 21:00:00;623;373;50;37.465;0.0;37.465;-12.534999999999997;740.9437;82.76850983020556;0.0;0.0
2019-09-22 21:00:00;2019-09-22 22:00:00;623;373;47;56.7;0.0;56.7;9.700000000000003;750.6437000000001;83.85206657730117;0.0;0.0
2019-09-22 22:00:00;2019-09-22 23:00:00;623;373;40;58.982;0.0;58.982;18.982;769.6257;85.97248659517427;0.0;0.0
2019-09-22 23:00:00;2019-09-23 00:00:00;623;373;35;51.772;0.0;51.772;16.772;786.3977000000001;87.84603440571941;0.0;0.0
2019-09-23 00:00:00;2019-09-23 01:00:00;623;373;28;45.235;0.0;45.235;17.235;803.6327000000001;89.77130250223416;0.0;0.0
2019-09-23 01:00:00;2019-09-23 02:00:00;623;373;30;38.485;0.0;38.485;8.485;805.68;90.0;0.0;6.437700000000177
2019-09-23 02:00:00;2019-09-23 03:00:00;623;373;30;32.344;0.0;32.344;2.344000000000001;805.68;90.0;0.0;2.344000000000051
2019-09-23 03:00:00;2019-09-23 04:00:00;623;373;30;30.913;0.0;30.913;0.9130000000000003;805.68;90.0;0.0;0.9130000000000109
2019-09-23 04:00:00;2019-09-23 05:00:00;623;373;30;30.841;0.0;30.841;0.8410000000000011;805.68;90.0;0.0;0.8410000000000082
2019-09-23 05:00:00;2019-09-23 06:00:00;623;373;30;30.571;0.0;30.571;0.5710000000000015;805.68;90.0;0.0;0.5710000000000264
2019-09-23 06:00:00;2019-09-23 07:00:00;623;373;33;31.516;0.11214;31.62814;-1.3718600000000016;804.30814;89.84675379803396;0.0;0.0
2019-09-23 07:00:00;2019-09-23 08:00:00;623;373;35;30.625;13.008239999999999;43.63324;8.63324;805.68;90.0;0.0;7.261380000000031
2019-09-23 08:00:00;2019-09-23 09:00:00;623;373;40;27.808;40.931099999999994;68.7391;28.739099999999993;805.68;90.0;0.0;28.739100000000008
2019-09-23 09:00:00;2019-09-23 10:00:00;623;373;45;28.303;56.742839999999994;85.04584;40.04584;805.68;90.0;0.0;40.04584
2019-09-23 10:00:00;2019-09-23 11:00:00;623;373;50;26.548;78.72228;105.27028;55.27028;805.68;90.0;0.0;55.27027999999996
2019-09-23 11:00:00;2019-09-23 12:00:00;623;373;45;24.656;105.86016;130.51615999999999;85.51615999999999;805.68;90.0;0.0;85.51616000000001
2019-09-23 12:00:00;2019-09-23 13:00:00;623;373;40;21.792;111.13074;132.92274;92.92274;805.68;90.0;0.0;92.92273999999998
2019-09-23 13:00:00;2019-09-23 14:00:00;623;373;35;17.616;102.83238;120.44838;85.44838;805.68;90.0;0.0;85.44838000000004
2019-09-23 14:00:00;2019-09-23 15:00:00;623;373;36;14.368;84.21714;98.58514;62.585139999999996;805.68;90.0;0.0;62.585140000000024
2019-09-23 15:00:00;2019-09-23 16:00:00;623;373;36;14.9;64.14408;79.04408000000001;43.04408000000001;805.68;90.0;0.0;43.04408000000001
2019-09-23 16:00:00;2019-09-23 17:00:00;623;373;36;17.792;45.416700000000006;63.20870000000001;27.208700000000007;805.68;90.0;0.0;27.20870000000002
2019-09-23 17:00:00;2019-09-23 18:00:00;623;373;35;17.904;25.7922;43.696200000000005;8.696200000000005;805.68;90.0;0.0;8.696199999999976
2019-09-23 18:00:00;2019-09-23 19:00:00;623;373;40;15.74;4.03704;19.77704;-20.22296;785.45704;87.7409562109026;0.0;0.0
2019-09-23 19:00:00;2019-09-23 20:00:00;623;373;47;12.268;0.0;12.268;-34.732;750.72504;83.86115281501341;0.0;0.0
2019-09-23 20:00:00;2019-09-23 21:00:00;623;373;50;9.235;0.0;9.235;-40.765;709.96004;79.30742180518321;0.0;0.0
2019-09-23 21:00:00;2019-09-23 22:00:00;623;373;47;9.43;0.0;9.43;-37.57;672.39004;75.11059428060769;0.0;0.0
2019-09-23 22:00:00;2019-09-23 23:00:00;623;373;40;11.463;0.0;11.463;-28.537;643.85304;71.92281501340483;0.0;0.0
2019-09-23 23:00:00;2019-09-24 00:00:00;623;373;35;13.549;0.0;13.549;-21.451;622.4020399999999;69.52659070598749;0.0;0.0
2019-09-24 00:00:00;2019-09-24 01:00:00;623;373;28;13.878;0.0;13.878;-14.122;608.28004;67.94906613047364;0.0;0.0
2019-09-24 01:00:00;2019-09-24 02:00:00;623;373;30;12.695;0.0;12.695;-17.305;590.97504;66.01597855227882;0.0;0.0
2019-09-24 02:00:00;2019-09-24 03:00:00;623;373;30;11.253;0.0;11.253;-18.747;572.2280400000001;63.92180965147455;0.0;0.0
2019-09-24 03:00:00;2019-09-24 04:00:00;623;373;30;10.266;0.0;10.266;-19.734;552.49404;61.71738605898124;0.0;0.0
2019-09-24 04:00:00;2019-09-24 05:00:00;623;373;30;9.59;0.0;9.59;-20.41;532.0840400000001;59.437448614834686;0.0;0.0
2019-09-24 05:00:00;2019-09-24 06:00:00;623;373;30;12.009;0.0;12.009;-17.991;514.0930400000001;57.42773011617518;0.0;0.0
2019-09-24 06:00:00;2019-09-24 07:00:00;623;373;33;14.333;0.11214;14.44514;-18.554859999999998;495.53818000000007;55.355024575513866;0.0;0.0
2019-09-24 07:00:00;2019-09-24 08:00:00;623;373;35;14.718;11.55042;26.26842;-8.731580000000001;486.80660000000006;54.379647006255595;0.0;0.0
2019-09-24 08:00:00;2019-09-24 09:00:00;623;373;40;12.31;37.79118;50.10118;10.10118;496.90778000000006;55.50801831992852;0.0;0.0
2019-09-24 09:00:00;2019-09-24 10:00:00;623;373;45;12.436;65.71404;78.15003999999999;33.15003999999999;530.05782;59.21110589812333;0.0;0.0
2019-09-24 10:00:00;2019-09-24 11:00:00;623;373;50;11.764;86.9085;98.6725;48.6725;578.73032;64.64815907059875;0.0;0.0
2019-09-24 11:00:00;2019-09-24 12:00:00;623;373;45;13.22;101.82312;115.04312;70.04312;648.77344;72.47245755138518;0.0;0.0
2019-09-24 12:00:00;2019-09-24 13:00:00;623;373;40;12.569;109.8972;122.4662;82.4662;731.23964;81.68449955317249;0.0;0.0
2019-09-24 13:00:00;2019-09-24 14:00:00;623;373;35;13.619;108.55152000000001;122.17052000000001;87.17052000000001;805.68;90.0;0.0;12.730160000000069
2019-09-24 14:00:00;2019-09-24 15:00:00;623;373;36;14.424;97.89822;112.32221999999999;76.32221999999999;805.68;90.0;0.0;76.32222000000002
2019-09-24 15:00:00;2019-09-24 16:00:00;623;373;36;14.627;77.04018;91.66718;55.66718;805.68;90.0;0.0;55.66718000000003
2019-09-24 16:00:00;2019-09-24 17:00:00;623;373;36;14.34;48.89304;63.23304;27.233040000000003;805.68;90.0;0.0;27.23303999999996
2019-09-24 17:00:00;2019-09-24 18:00:00;623;373;35;14.242;22.540139999999997;36.78214;1.7821399999999983;805.68;90.0;0.0;1.7821400000000267
2019-09-24 18:00:00;2019-09-24 19:00:00;623;373;40;15.446;3.02778;18.473779999999998;-21.526220000000002;784.15378;87.59537310098302;0.0;0.0
2019-09-24 19:00:00;2019-09-24 20:00:00;623;373;47;17.616;0.0;17.616;-29.384;754.76978;84.31297810545131;0.0;0.0
2019-09-24 20:00:00;2019-09-24 21:00:00;623;373;50;20.48;0.0;20.48;-29.52;725.24978;81.01539097408401;0.0;0.0
2019-09-24 21:00:00;2019-09-24 22:00:00;623;373;47;22.112;0.0;22.112;-24.888;700.36178;78.23523011617516;0.0;0.0
2019-09-24 22:00:00;2019-09-24 23:00:00;623;373;40;23.568;0.0;23.568;-16.432;683.9297799999999;76.39966264521894;0.0;0.0
2019-09-24 23:00:00;2019-09-25 00:00:00;623;373;35;24.392;0.0;24.392;-10.608;673.32178;75.21467605004469;0.0;0.0
2019-09-25 00:00:00;2019-09-25 01:00:00;623;373;28;25.756;0.0;25.756;-2.2439999999999998;671.07778;74.96400580875782;0.0;0.0
2019-09-25 01:00:00;2019-09-25 02:00:00;623;373;30;28.753;0.0;28.753;-1.2469999999999999;669.83078;74.8247073279714;0.0;0.0
2019-09-25 02:00:00;2019-09-25 03:00:00;623;373;30;34.15;0.0;34.15;4.149999999999999;673.98078;75.28829088471849;0.0;0.0
2019-09-25 03:00:00;2019-09-25 04:00:00;623;373;30;42.025;0.0;42.025;12.024999999999999;686.00578;76.63156613047363;0.0;0.0
2019-09-25 04:00:00;2019-09-25 05:00:00;623;373;30;38.8;0.0;38.8;8.799999999999997;694.8057799999999;77.61458668453977;0.0;0.0
2019-09-25 05:00:00;2019-09-25 06:00:00;623;373;30;34.675;0.0;34.675;4.674999999999997;699.4807799999999;78.13681635388738;0.0;0.0
2019-09-25 06:00:00;2019-09-25 07:00:00;623;373;33;33.289;0.11214;33.40114;0.40113999999999805;699.8819199999998;78.18162645218943;0.0;0.0
2019-09-25 07:00:00;2019-09-25 08:00:00;623;373;35;33.172;8.74692;41.91892;6.91892;706.8008399999998;78.95451742627344;0.0;0.0
2019-09-25 08:00:00;2019-09-25 09:00:00;623;373;40;39.295;31.62348;70.91848;30.918480000000002;737.7193199999998;82.40832439678283;0.0;0.0
2019-09-25 09:00:00;2019-09-25 10:00:00;623;373;45;47.695;59.54634;107.24134000000001;62.24134000000001;799.9606599999998;89.36111036639856;0.0;0.0
2019-09-25 10:00:00;2019-09-25 11:00:00;623;373;50;49.854;83.76858;133.62258;83.62258;805.68;90.0;0.0;77.90323999999987
2019-09-25 11:00:00;2019-09-25 12:00:00;623;373;45;47.86;98.68320000000001;146.5432;101.54320000000001;805.68;90.0;0.0;101.54319999999996
2019-09-25 12:00:00;2019-09-25 13:00:00;623;373;40;45.1;101.15028000000001;146.25028;106.25028;805.68;90.0;0.0;106.25027999999998
2019-09-25 13:00:00;2019-09-25 14:00:00;623;373;35;44.215;98.01035999999999;142.22536;107.22536;805.68;90.0;0.0;107.22536000000002
2019-09-25 14:00:00;2019-09-25 15:00:00;623;373;36;42.04;77.82516;119.86516;83.86516;805.68;90.0;0.0;83.86515999999995
2019-09-25 15:00:00;2019-09-25 16:00:00;623;373;36;36.865;40.81896;77.68396;41.68396;805.68;90.0;0.0;41.683959999999956
2019-09-25 16:00:00;2019-09-25 17:00:00;623;373;36;31.471;31.62348;63.094480000000004;27.094480000000004;805.68;90.0;0.0;27.094479999999976
2019-09-25 17:00:00;2019-09-25 18:00:00;623;373;35;26.08;17.045279999999998;43.12528;8.125279999999997;805.68;90.0;0.0;8.125279999999975
2019-09-25 18:00:00;2019-09-25 19:00:00;623;373;40;22.544;3.02778;25.57178;-14.42822;791.2517799999999;88.38826854334228;0.0;0.0
2019-09-25 19:00:00;2019-09-25 20:00:00;623;373;47;20.56;0.0;20.56;-26.44;764.8117799999999;85.43473860589812;0.0;0.0
2019-09-25 20:00:00;2019-09-25 21:00:00;623;373;50;23.336;0.0;23.336;-26.664;738.1477799999999;82.45618632707775;0.0;0.0
2019-09-25 21:00:00;2019-09-25 22:00:00;623;373;47;27.349;0.0;27.349;-19.651;718.49678;80.2610344057194;0.0;0.0
2019-09-25 22:00:00;2019-09-25 23:00:00;623;373;40;29.257;0.0;29.257;-10.742999999999999;707.7537799999999;79.06096738159069;0.0;0.0
2019-09-25 23:00:00;2019-09-26 00:00:00;623;373;35;30.346;0.0;30.346;-4.654;703.0997799999999;78.54108355674708;0.0;0.0
2019-09-26 00:00:00;2019-09-26 01:00:00;623;373;28;30.643;0.0;30.643;2.6430000000000007;705.7427799999999;78.83632484361036;0.0;0.0
2019-09-26 01:00:00;2019-09-26 02:00:00;623;373;30;30.859;0.0;30.859;0.8590000000000018;706.60178;78.93228105451297;0.0;0.0
2019-09-26 02:00:00;2019-09-26 03:00:00;623;373;30;30.643;0.0;30.643;0.6430000000000007;707.24478;79.00410857908848;0.0;0.0
2019-09-26 03:00:00;2019-09-26 04:00:00;623;373;30;30.742;0.0;30.742;0.7420000000000009;707.98678;79.08699508489724;0.0;0.0
2019-09-26 04:00:00;2019-09-26 05:00:00;623;373;30;30.589;0.0;30.589;0.5889999999999986;708.5757799999999;79.15279043789097;0.0;0.0
2019-09-26 05:00:00;2019-09-26 06:00:00;623;373;30;30.148;0.0;30.148;0.1479999999999997;708.7237799999999;79.16932305630027;0.0;0.0
2019-09-26 06:00:00;2019-09-26 07:00:00;623;373;33;29.608;0.0;29.608;-3.3919999999999995;705.3317799999999;78.79041331546023;0.0;0.0
2019-09-26 07:00:00;2019-09-26 08:00:00;623;373;35;27.727;10.20474;37.93174;2.931739999999998;708.2635199999999;79.11790884718498;0.0;0.0
2019-09-26 08:00:00;2019-09-26 09:00:00;623;373;40;29.221;35.99694;65.21794;25.21794;733.4814599999999;81.93492627345843;0.0;0.0
2019-09-26 09:00:00;2019-09-26 10:00:00;623;373;45;27.628;64.03193999999999;91.65993999999999;46.65993999999999;780.1413999999999;87.14716264521894;0.0;0.0
2019-09-26 10:00:00;2019-09-26 11:00:00;623;373;50;22.776;87.24492;110.02091999999999;60.02091999999999;805.68;90.0;0.0;34.48231999999996
2019-09-26 11:00:00;2019-09-26 12:00:00;623;373;45;18.568;103.28094;121.84894;76.84894;805.68;90.0;0.0;76.84893999999997
2019-09-26 12:00:00;2019-09-26 13:00:00;623;373;40;15.068;110.90646000000001;125.97446000000001;85.97446000000001;805.68;90.0;0.0;85.97446000000002
2019-09-26 13:00:00;2019-09-26 14:00:00;623;373;35;12.863;108.55152000000001;121.41452000000001;86.41452000000001;805.68;90.0;0.0;86.41452000000004
2019-09-26 14:00:00;2019-09-26 15:00:00;623;373;36;14.648;98.68320000000001;113.33120000000001;77.33120000000001;805.68;90.0;0.0;77.33119999999997
2019-09-26 15:00:00;2019-09-26 16:00:00;623;373;36;15.313;79.0587;94.3717;58.371700000000004;805.68;90.0;0.0;58.37170000000003
2019-09-26 16:00:00;2019-09-26 17:00:00;623;373;36;16.454;54.9486;71.4026;35.40260000000001;805.68;90.0;0.0;35.40260000000001
2019-09-26 17:00:00;2019-09-26 18:00:00;623;373;35;18.08;27.81072;45.89072;10.890720000000002;805.68;90.0;0.0;10.890719999999988
2019-09-26 18:00:00;2019-09-26 19:00:00;623;373;40;18.488;3.81276;22.30076;-17.69924;787.9807599999999;88.022873100983;0.0;0.0
2019-09-26 19:00:00;2019-09-26 20:00:00;623;373;47;15.712;0.0;15.712;-31.288;756.6927599999999;84.52778820375335;0.0;0.0
2019-09-26 20:00:00;2019-09-26 21:00:00;623;373;50;13.22;0.0;13.22;-36.78;719.9127599999999;80.4192091152815;0.0;0.0
2019-09-26 21:00:00;2019-09-26 22:00:00;623;373;47;15.18;0.0;15.18;-31.82;688.0927599999999;76.86469615728328;0.0;0.0
2019-09-26 22:00:00;2019-09-26 23:00:00;623;373;40;17.992;0.0;17.992;-22.008;666.0847599999998;74.40625111706879;0.0;0.0
2019-09-26 23:00:00;2019-09-27 00:00:00;623;373;35;20.4;0.0;20.4;-14.600000000000001;651.4847599999998;72.77533065236817;0.0;0.0
2019-09-27 00:00:00;2019-09-27 01:00:00;623;373;28;21.112;0.0;21.112;-6.888000000000002;644.5967599999998;72.00589365504914;0.0;0.0
2019-09-27 01:00:00;2019-09-27 02:00:00;623;373;30;20.088;0.0;20.088;-9.911999999999999;634.6847599999998;70.898655049151;0.0;0.0
2019-09-27 02:00:00;2019-09-27 03:00:00;623;373;30;18.352;0.0;18.352;-11.648;623.0367599999997;69.5974932975871;0.0;0.0
2019-09-27 03:00:00;2019-09-27 04:00:00;623;373;30;17.104;0.0;17.104;-12.896;610.1407599999998;68.15692135835566;0.0;0.0
2019-09-27 04:00:00;2019-09-27 05:00:00;623;373;30;16.3;0.0;16.3;-13.7;596.4407599999997;66.62653708668451;0.0;0.0
2019-09-27 05:00:00;2019-09-27 06:00:00;623;373;30;16.279;0.0;16.279;-13.721;582.7197599999997;65.09380697050936;0.0;0.0
2019-09-27 06:00:00;2019-09-27 07:00:00;623;373;33;17.056;0.0;17.056;-15.943999999999999;566.7757599999998;63.31275245755137;0.0;0.0
2019-09-27 07:00:00;2019-09-27 08:00:00;623;373;35;17.576;10.76544;28.34144;-6.658560000000001;560.1171999999998;62.56894548704199;0.0;0.0
2019-09-27 08:00:00;2019-09-27 09:00:00;623;373;40;12.807;37.67904;50.48604;10.486040000000003;570.6032399999998;63.740308310991935;0.0;0.0
2019-09-27 09:00:00;2019-09-27 10:00:00;623;373;45;8.12;65.0412;73.16120000000001;28.161200000000008;598.7644399999998;66.88610813226093;0.0;0.0
2019-09-27 10:00:00;2019-09-27 11:00:00;623;373;50;6.77;87.80562;94.57562;44.57562;643.3400599999998;71.86551161751562;0.0;0.0
2019-09-27 11:00:00;2019-09-27 12:00:00;623;373;45;7.645;103.50522000000001;111.15022;66.15022;709.4902799999998;79.25494638069704;0.0;0.0
2019-09-27 12:00:00;2019-09-27 13:00:00;623;373;40;10.798;110.68218;121.48018;81.48018;790.9704599999998;88.35684316353885;0.0;0.0
2019-09-27 13:00:00;2019-09-27 14:00:00;623;373;35;14.27;108.88794;123.15794;88.15794;805.68;90.0;0.0;73.44839999999988
2019-09-27 14:00:00;2019-09-27 15:00:00;623;373;36;16.944;92.06694;109.01094;73.01094;805.68;90.0;0.0;73.01094
2019-09-27 15:00:00;2019-09-27 16:00:00;623;373;36;18.528;66.27474000000001;84.80274;48.80274;805.68;90.0;0.0;48.80273999999997
2019-09-27 16:00:00;2019-09-27 17:00:00;623;373;36;18.032;42.27678;60.30878;24.30878;805.68;90.0;0.0;24.308779999999956
2019-09-27 17:00:00;2019-09-27 18:00:00;623;373;35;16.51;18.27882;34.78882;-0.2111799999999988;805.4688199999999;89.97640974084004;0.0;0.0
2019-09-27 18:00:00;2019-09-27 19:00:00;623;373;40;14.655;2.57922;17.23422;-22.76578;782.70304;87.43331546023236;0.0;0.0
2019-09-27 19:00:00;2019-09-27 20:00:00;623;373;47;13.969;0.0;13.969;-33.031;749.67204;83.7435254691689;0.0;0.0
2019-09-27 20:00:00;2019-09-27 21:00:00;623;373;50;16.601;0.0;16.601;-33.399;716.27304;80.01262734584452;0.0;0.0
2019-09-27 21:00:00;2019-09-27 22:00:00;623;373;47;23.616;0.0;23.616;-23.384;692.88904;77.40047363717606;0.0;0.0
2019-09-27 22:00:00;2019-09-27 23:00:00;623;373;40;30.022;0.0;30.022;-9.978000000000002;682.9110400000001;76.28586237712244;0.0;0.0
2019-09-27 23:00:00;2019-09-28 00:00:00;623;373;35;33.469;0.0;33.469;-1.5309999999999988;681.3800400000001;76.11483914209117;0.0;0.0
2019-09-28 00:00:00;2019-09-28 01:00:00;623;373;28;34.735;0.0;34.735;6.734999999999999;688.1150400000001;76.86718498659519;0.0;0.0
2019-09-28 01:00:00;2019-09-28 02:00:00;623;373;30;33.379;0.0;33.379;3.378999999999998;691.4940400000002;77.24464253798035;0.0;0.0
2019-09-28 02:00:00;2019-09-28 03:00:00;623;373;30;31.624;0.0;31.624;1.6239999999999988;693.1180400000002;77.42605451295802;0.0;0.0
2019-09-28 03:00:00;2019-09-28 04:00:00;623;373;30;30.481;0.0;30.481;0.48100000000000165;693.5990400000002;77.47978552278823;0.0;0.0
2019-09-28 04:00:00;2019-09-28 05:00:00;623;373;30;29.023;0.0;29.023;-0.9770000000000003;692.6220400000002;77.37064789991067;0.0;0.0
2019-09-28 05:00:00;2019-09-28 06:00:00;623;373;30;27.565;0.0;27.565;-2.4349999999999987;690.1870400000003;77.09864164432533;0.0;0.0
2019-09-28 06:00:00;2019-09-28 07:00:00;623;373;33;26.404;0.0;26.404;-6.596;683.5910400000002;76.3618230563003;0.0;0.0
2019-09-28 07:00:00;2019-09-28 08:00:00;623;373;35;23.424;9.08334;32.50734;-2.4926600000000008;681.0983800000002;76.08337578194819;0.0;0.0
2019-09-28 08:00:00;2019-09-28 09:00:00;623;373;40;21.352;33.30558;54.657579999999996;14.657579999999996;695.7559600000002;77.72072832886509;0.0;0.0
2019-09-28 09:00:00;2019-09-28 10:00:00;623;373;45;19.728;60.10704;79.83503999999999;34.83503999999999;730.5910000000001;81.61204200178732;0.0;0.0
2019-09-28 10:00:00;2019-09-28 11:00:00;623;373;50;16.629;85.00212;101.63112000000001;51.63112000000001;782.2221200000001;87.37959338695266;0.0;0.0
2019-09-28 11:00:00;2019-09-28 12:00:00;623;373;45;13.836;100.36529999999999;114.20129999999999;69.20129999999999;805.68;90.0;0.0;45.74342000000013
2019-09-28 12:00:00;2019-09-28 13:00:00;623;373;40;10.133;105.86016;115.99315999999999;75.99315999999999;805.68;90.0;0.0;75.99315999999999
2019-09-28 13:00:00;2019-09-28 14:00:00;623;373;35;9.63;105.41159999999999;115.04159999999999;80.04159999999999;805.68;90.0;0.0;80.04160000000002
2019-09-28 14:00:00;2019-09-28 15:00:00;623;373;36;9.665;95.09472;104.75971999999999;68.75971999999999;805.68;90.0;0.0;68.75972000000002
2019-09-28 15:00:00;2019-09-28 16:00:00;623;373;36;11.484;76.36734;87.85134;51.85133999999999;805.68;90.0;0.0;51.85134000000005
2019-09-28 16:00:00;2019-09-28 17:00:00;623;373;36;11.491;53.93934;65.43034;29.43034;805.68;90.0;0.0;29.43034
2019-09-28 17:00:00;2019-09-28 18:00:00;623;373;35;13.395;25.7922;39.187200000000004;4.187200000000004;805.68;90.0;0.0;4.187199999999962
2019-09-28 18:00:00;2019-09-28 19:00:00;623;373;40;15.908;3.13992;19.047919999999998;-20.952080000000002;784.7279199999999;87.65950848972295;0.0;0.0
2019-09-28 19:00:00;2019-09-28 20:00:00;623;373;47;15.18;0.0;15.18;-31.82;752.9079199999999;84.10499553172474;0.0;0.0
2019-09-28 20:00:00;2019-09-28 21:00:00;623;373;50;13.591;0.0;13.591;-36.409;716.4989199999999;80.03785969615728;0.0;0.0
2019-09-28 21:00:00;2019-09-28 22:00:00;623;373;47;14.592;0.0;14.592;-32.408;684.0909199999999;76.41766309204647;0.0;0.0
2019-09-28 22:00:00;2019-09-28 23:00:00;623;373;40;14.039;0.0;14.039;-25.961;658.1299199999999;73.51764075067022;0.0;0.0
2019-09-28 23:00:00;2019-09-29 00:00:00;623;373;35;12.149;0.0;12.149;-22.851;635.2789199999999;70.96502680965146;0.0;0.0
2019-09-29 00:00:00;2019-09-29 01:00:00;623;373;28;11.001;0.0;11.001;-16.999000000000002;618.2799199999998;69.06612153708667;0.0;0.0
2019-09-29 01:00:00;2019-09-29 02:00:00;623;373;30;11.624;0.0;11.624;-18.375999999999998;599.9039199999999;67.01339588918677;0.0;0.0
2019-09-29 02:00:00;2019-09-29 03:00:00;623;373;30;12.366;0.0;12.366;-17.634;582.2699199999998;65.04355674709561;0.0;0.0
2019-09-29 03:00:00;2019-09-29 04:00:00;623;373;30;12.59;0.0;12.59;-17.41;564.8599199999999;63.09873994638068;0.0;0.0
2019-09-29 04:00:00;2019-09-29 05:00:00;623;373;30;12.877;0.0;12.877;-17.122999999999998;547.7369199999998;61.18598302055405;0.0;0.0
2019-09-29 05:00:00;2019-09-29 06:00:00;623;373;30;13.409;0.0;13.409;-16.591;531.1459199999998;59.332654155495966;0.0;0.0
2019-09-29 06:00:00;2019-09-29 07:00:00;623;373;33;13.78;0.0;13.78;-19.22;511.9259199999998;57.18564789991062;0.0;0.0
2019-09-29 07:00:00;2019-09-29 08:00:00;623;373;35;13.381;10.541160000000001;23.92216;-11.077839999999998;500.8480799999998;55.948176943699714;0.0;0.0
2019-09-29 08:00:00;2019-09-29 09:00:00;623;373;40;10.644;38.57616;49.22016;9.22016;510.06823999999983;56.97813226094726;0.0;0.0
2019-09-29 09:00:00;2019-09-29 10:00:00;623;373;45;9.035;66.61116;75.64616;30.646159999999995;540.7143999999998;60.40151921358355;0.0;0.0
2019-09-29 10:00:00;2019-09-29 11:00:00;623;373;50;8.265;90.04842000000001;98.31342000000001;48.31342000000001;589.0278199999998;65.79846067917782;0.0;0.0
2019-09-29 11:00:00;2019-09-29 12:00:00;623;373;45;6.035;106.08443999999999;112.11943999999998;67.11943999999998;656.1472599999997;73.29616398570148;0.0;0.0
2019-09-29 12:00:00;2019-09-29 13:00:00;623;373;40;6.4;113.48567999999999;119.88568;79.88568;736.0329399999997;82.2199441465594;0.0;0.0
2019-09-29 13:00:00;2019-09-29 14:00:00;623;373;35;8.85;111.69144;120.54144;85.54144;805.68;90.0;0.0;15.894379999999728
2019-09-29 14:00:00;2019-09-29 15:00:00;623;373;36;10.581;100.81385999999999;111.39486;75.39486;805.68;90.0;0.0;75.39486
2019-09-29 15:00:00;2019-09-29 16:00:00;623;373;36;13.507;81.75006;95.25706000000001;59.25706000000001;805.68;90.0;0.0;59.257060000000024
2019-09-29 16:00:00;2019-09-29 17:00:00;623;373;36;13.948;56.40642;70.35442;34.354420000000005;805.68;90.0;0.0;34.354420000000005
2019-09-29 17:00:00;2019-09-29 18:00:00;623;373;35;14.641;27.69858;42.33958;7.339579999999998;805.68;90.0;0.0;7.339579999999955
2019-09-29 18:00:00;2019-09-29 19:00:00;623;373;40;13.346;3.13992;16.48592;-23.51408;782.1659199999999;87.37331546023235;0.0;0.0
2019-09-29 19:00:00;2019-09-29 20:00:00;623;373;47;9.715;0.0;9.715;-37.285;744.88092;83.20832439678284;0.0;0.0
